# The rules kept for cas, a rule to a line, with tabs in between: the rule (its table, or
# the id of a built-in rule, or Morita's number), its name, a * if it is pinned to the rule
# menu, its tags, and a note. A line about a built-in rule only says whether it is pinned.
rule	name	pinned	tags	note
single-rotation		*
critters		*
bbm		*
tron		*
espca-01c5ef		*
four-way-gun		*
diagonal-traffic		*
15,7,6,10,13,12,2,8,14,11,5,4,3,9,1,0	Weighted Undecided 0	*		Found searching weighted rules, most undecided rule, 23%
15,7,6,3,11,12,4,8,14,13,5,9,10,2,1,0	Weighted Undecided Spaceships	*		
15,7,6,3,11,10,2,8,14,13,12,9,5,4,1,0	Weighted Undecided Spaceships 1			
0,8,4,3,2,11,7,1,9,14,13,12,10,6,15,5	Unnamed 1			
3,1,2,0,7,5,9,8,11,6,10,4,15,13,14,12	Coninv-0			Conserving involution with spaceships, confined vertically
0,1,2,12,4,10,6,14,8,9,5,13,3,11,7,15	Stringy Oscillators			
0,3,10,1,5,4,6,7,12,9,2,11,8,13,14,15	ESPCA-0c8adf (search)			
15,10,13,3,11,14,6,8,7,12,1,4,9,2,5,0	Undecidable Involution 0	*		
1,0,2,3,10,5,6,7,9,8,4,11,13,12,15,14	Scribe 0			A head on a tape: cells where x+y is odd are kept and move, the others are frozen when alone. A lone moving cell climbs a diagonal writing frozen cells and reading them back, a cell further about every time the generations grow by half. Nothing repeats, nothing spreads; 57% of seeds undecided after 10^8.
0,7,11,12,13,10,6,1,14,9,5,2,3,4,8,15	Random Fractal 0			
0,2,1,12,8,5,9,11,4,6,10,7,3,14,13,15	Involution Mirror Flip 0			
0,2,8,3,1,10,6,7,4,9,5,11,12,13,14,15	Halfie 0			
0,2,8,3,1,5,6,14,4,9,10,13,12,11,7,15	ESPCA-04ca7f (search)			
0,2,8,3,1,10,6,11,4,9,5,7,12,14,13,15	Halfie 1			
