# The patterns kept for cas under the rule 0,2,1,12,8,5,9,11,4,6,10,7,3,14,13,15:
# a pattern to a line, with tabs in between: what it is (a spaceship, an oscillator or a
# still life), the pattern (run-length encoded, from a corner of the blocks the next step
# rewrites, at the start of the vacuum's cycle), its period, how far it moves in a period,
# a name, and a note. The file is named by the rule's table in hex.
class	pattern	period	moves	name	note
spaceship	o	2	2,0		
spaceship	o$2o$bo	6	2,0		
spaceship	o3bo$3obo$b2o	6	2,0		
spaceship	o$3o$b2obo$4bo	6	2,0		
spaceship	o$2o$bo$o$obo$2bo	6	2,0		
