# The patterns kept for cas under the rule 0,2,8,5,1,6,12,14,4,9,3,11,10,13,7,15 (Diagonal traffic):
# a pattern to a line, with tabs in between: what it is (a spaceship, an oscillator or a
# still life), the pattern (run-length encoded, from a corner of the blocks the next step
# rewrites, at the start of the vacuum's cycle), its period, how far it moves in a period,
# a name, and a note. The file is named by the rule's table in hex.
sort	pattern	period	moves	name	note
spaceship	o$o$bo$o	33	-1,-1		
spaceship	b2o$o2$2bo	58	2,2		
spaceship	2bo$b2o2$2bo	27	-1,-1		
spaceship	o2bo$obo	33	-1,-1		
spaceship	3bo$b3o2$2bo	3	-1,-1		
spaceship	o$bo$obo	17	1,1		
spaceship	b2obo$3bo	27	-1,-1		
spaceship	2o$o$bo$o	90	-2,-2		
spaceship	$bobo$2bo$3bo	49	-1,-1		
spaceship	b2o$3b2o	35	1,1		
spaceship	bobo$3b2o	87	-1,-1		
spaceship	b3o$bobo	870	-6,-6		
spaceship	o$o$3o	146	-2,-2		
spaceship	b3o$bo	534	-2,-2		
spaceship	$bobo$bo$2b2o	31	1,1		
spaceship	o$obo$2o	382	-2,-2		
spaceship	bo$bo2$bo$bo	530	2,2		
spaceship	$3b3o$bo2bo$3b2o	256	2,2		
spaceship	$o$4o	763	7,7		
spaceship	$bo$2bo$b2o2$bo	53	-1,-1		
spaceship	bo$bo$bo$bo	1434	2,2		
spaceship	o$2o$3o	1432	-6,-6		
spaceship	3bo$b2obo$bo	63	1,1		
spaceship	bo$b2o2$2bo2$bo	1386	-6,-6		
spaceship	2bo2$bo$b2o$o	11	-1,-1		
spaceship	o3bo$bo$obo	58	2,2		
spaceship	bo2b3o$2bo	376	4,4		
spaceship	2bo$bo$bo$bo$o	18	-2,-2		
spaceship	4b2o$b3o	57	-1,-1		
spaceship	b2o3bo$b2o	3948	8,8		
spaceship	$2o$2o$bo	1489	3,3		
spaceship	bo2bo$4bo$3bo$bo	58	2,2		
spaceship	$4o$o	1684	-4,-4		
spaceship	3o$2bo$2bo	138	2,2		
spaceship	$3bo$b2o$b2o	47	1,1		
spaceship	$2o$2o2$o	482	2,2		
spaceship	3b2o$2bo2$bo2bo	58	2,2		
spaceship	$b2o$2b2o$b2o	38	-2,-2		
spaceship	2b2o$bo2b2o	153	-1,-1		
spaceship	bo$2bo3$b2o$2bo	349	-1,-1		
spaceship	o2b2ob2o	130	-2,-2		
spaceship	3obo$4bo	1215	1,1		
spaceship	3o$3b2o	114	2,2		
spaceship	2o$b2o$obo	61	1,1		
spaceship	bobo$b2o5bo	848	4,4		
spaceship	o$2o2$o$o	226	2,2		
spaceship	bo2bo$b2o$o	11	-1,-1		
spaceship	b3o$b2o	734	-2,-2		
spaceship	bo2$b2o$2bo$2bo	41	1,1		
spaceship	o$bo$bo$o$bo	327	1,1		
spaceship	3o$2bobo	41	1,1		
spaceship	2bo2$2bo$2bo$bo$2bo	187	-1,-1		
spaceship	bo4bo$2bob2o	282	-2,-2		
spaceship	$2o$2o$o	2005	7,7		
spaceship	$3bo$3bo$bo$2bo$2bo	66	2,2		
spaceship	o$ob2o$2bo	434	-2,-2		
spaceship	ob2o$obo	90	-2,-2		
spaceship	$3bo$bo3$2bo$3bo$b2o2$2bo	39	-1,-1		
spaceship	$3bobo$2bobo$bo	342	2,2		
spaceship	bobo$2obo	589	-3,-3		
spaceship	o$2bo$o$o$o	162	2,2		
spaceship	o4bo$bo2bo$o5bo	866	10,10		
spaceship	bobo$2b2o$2bo	127	-1,-1		
spaceship	b2obo$2bo3bo	1404	-4,-4		
spaceship	$2bo$b3o$b2o	282	-2,-2		
spaceship	o2b2o$3b2o	115	-1,-1		
spaceship	2o2$bo2$b2o$3bo	62	2,2		
spaceship	bob2obo$2bo	187	-1,-1		
spaceship	b2o2bo$2bo3bo	349	-1,-1		
spaceship	$2o$o$2o	1082	-2,-2		
spaceship	bo4bo$b2o2bo	962	-2,-2		
spaceship	3o2$o$o	254	2,2		
spaceship	$2bo$bobo$b2o$o	56	-2,-2		
spaceship	obo$o$obo	318	2,2		
spaceship	b4o$2b2o	1656	-12,-12		
spaceship	bo$bo$3bo$bo$b2o	1306	4,4		
spaceship	bobo$bo$b2o	339	3,3		
spaceship	b3o$2bobo$3bo	120	-2,-2		
spaceship	3b2o$bobobo	53	-1,-1		
spaceship	$2o$bo$bo$o	109	-1,-1		
