# The patterns kept for cas under the rule 0,2,8,5,1,12,6,7,4,9,3,11,10,13,14,15:
# a pattern to a line, with tabs in between: what it is (a spaceship, an oscillator or a
# still life), the pattern (run-length encoded, from a corner of the blocks the next step
# rewrites, at the start of the vacuum's cycle), its period, how far it moves in a period,
# a name, and a note. The file is named by the rule's table in hex.
class	pattern	period	moves	name	note
spaceship	o2$o$bo$o$o$o	2966	2,2		search
spaceship	2o$o$o2$o$o	1597	1,1		search
spaceship	2o$o$bo$bo$bo	12827	5,5		search
spaceship	2o$ob3o	2217	1,1		search
spaceship	3o$o$o	146	2,2		search
spaceship	3o2$2obo	8246	2,2		search
spaceship	3o$2bo2$2o	25162	6,6		search
spaceship	3o$2bo$bo	422	2,0		search
spaceship	4o$obo	4928	2,0		search
spaceship	2obo2$3o	6253	5,5		search
spaceship	2o2bo$bo3b2o	1610	2,2		search
spaceship	o$bo3$2o$bo$o	2118	2,0		search
spaceship	$4o$obo	12223	3,3		search
spaceship	$5o$5bo	1367	3,3		search
spaceship	bo$2o$2o2$bo	8638	10,0		search
spaceship	bo$bo$bo$bo$bo$bo	350	2,2		search
spaceship	bo$bo$bo$bo$bo4$bo	18455	3,3		search
spaceship	bo$b2o$bo$2b2o	840	2,2		search
spaceship	bo$b3o$2b2o	285	1,1		search
spaceship	bo$b4o	535	1,1		search
spaceship	b2o$2obo$bo	17188	4,0		search
spaceship	b2o$b4o	25474	4,4		search
spaceship	b2o$2bo$3o	13634	6,0		search
spaceship	b3o$bobo2$2bo	2578	2,2		search
spaceship	b4o$2bo2bo	4264	2,0		search
spaceship	b2obo$2b3o	5523	1,1		search
spaceship	b2obo$2bobobo	490	2,2		search
spaceship	bo$2bo2$b2o$bo$bo	15766	6,6		search
spaceship	bo2bobo$bobobo	2609	3,3		search
spaceship	$b3o$2bo$3bo	115	1,1		search
spaceship	2bo$b2o$bo$2bo2$bo	2340	4,4		search
spaceship	2bobo$b4o	496	4,0		search
spaceship	2bob2o$bo$2bobo	97	1,1		search
oscillator	o	4			search
oscillator	o$o$2o	16			search
oscillator	o$o2$o$o	36			search
oscillator	o$o2$o$o2$o	140			search
oscillator	o$2o$2o	512			search
oscillator	o$2o$3o	3404			search
oscillator	o$2o$b2o	36			search
oscillator	o$2o2$bo$2bo	128			search
oscillator	o$3o$bo	20			search
oscillator	o$3o$bobo	5720			search
oscillator	o$obo$o	18			search
oscillator	o$obo$2obo	33148			search
oscillator	o$obo$bo$2bo	32			search
oscillator	o$o3bo$4bo$4bo	16			search
oscillator	o2$o$o$bo	32			search
oscillator	o2$o$obo2$bo	48			search
oscillator	o2$2o$2o$bo	16948			search
oscillator	o2$o$bo$bo	20			search
oscillator	2o	8			search
oscillator	2o$o	16			search
oscillator	2o$o$o2$o	68			search
oscillator	2o$o$2o	3124			search
oscillator	2o$o$o$bo	504			search
oscillator	2o$o$obo	1656			search
oscillator	2o$o$obo2$2bo	23472			search
oscillator	2o$o2$2o$bo	2600			search
oscillator	2o$2o$obo	47308			search
oscillator	2o$2o$o2bo	19780			search
oscillator	2o$2o$bobo	21274			search
oscillator	2o$3o$o	5900			search
oscillator	2o$2o$2bo	52			search
oscillator	2o$2o$2bo$bo	898			search
oscillator	2o$2o$2bo$2bo	180			search
oscillator	2o$2obo$3bo	290			search
oscillator	2o$obo	116			search
oscillator	2o$ob2o$o	932			search
oscillator	2o$ob2o$2bo	370			search
oscillator	2o$obobo	68			search
oscillator	2o$o2bo$bo	72			search
oscillator	2o$o3bo$3bo	136			search
oscillator	2o$bo$obo$2bo	3400			search
oscillator	2o$bo$b2o	100			search
oscillator	2o$b2o	148			search
oscillator	2o$b2o$bo	60			search
oscillator	2o$bo$2bo	76			search
oscillator	2o$bo2$2bo$o	44			search
oscillator	2o3$bo2$o$o	44			search
oscillator	2o3$bo$bo	20			search
oscillator	3o	20			search
oscillator	3o$o	84			search
oscillator	3o$o$o2bo	9266			search
oscillator	3o$2o	60			search
oscillator	3o$3o	324			search
oscillator	3o$2o$2bo	13904			search
oscillator	3o$o$bo$2bo	34818			search
oscillator	3o$obo	556			search
oscillator	3o$o$2bo	700			search
oscillator	3o2$2o	204			search
oscillator	3o2$2o$2bo	2896			search
oscillator	3o2$o$bo	168			search
oscillator	3o2$obo	308			search
oscillator	3o2$o2$2bo	88			search
oscillator	3o2$o2bo	80			search
oscillator	3o2$o3bo	44			search
oscillator	3o2$o3bo2$bo	52			search
oscillator	3o3$o$o	96			search
oscillator	3o$bo$bo$o	8008			search
oscillator	3o$b2o	486			search
oscillator	3o$b2o$o	24820			search
oscillator	3o$b2o2$bo	6756			search
oscillator	3o$b2obo	1148			search
oscillator	3o$bo$2bo	1222			search
oscillator	3o$bo$2b2o	37952			search
oscillator	3o$bo2$2bo$2bo	1004			search
oscillator	3o$bobo$bo	7944			search
oscillator	3o$bo2bo	356			search
oscillator	3o$bo2bo$o	1028			search
oscillator	3o2$bo	36			search
oscillator	3o2$bo$2o	6208			search
oscillator	3o2$bo$2bo	224			search
oscillator	3o2$bobo	40			search
oscillator	3o3$bo$bo	88			search
oscillator	3o3$b2o	176			search
oscillator	3o$2bo$2o	6460			search
oscillator	3o$2bo2$o	212			search
oscillator	3o$2bo$bo$o	4404			search
oscillator	3o$2b2o$2bo	5978			search
oscillator	3o$2bo$3bo	212			search
oscillator	3o$2bobo$3bo	332			search
oscillator	3o2$2bo$b2o	3476			search
oscillator	3o3$2bo2$o	64			search
oscillator	4o	32			search
oscillator	4o$o2bo	2512			search
oscillator	4o$2bo$2bo	29836			search
oscillator	4o$2b2o	7758			search
oscillator	4o$2bo$3bo	4060			search
oscillator	4o$3bo	1110			search
oscillator	5o	3400			search
oscillator	3o$3bo2$bobo	348			search
oscillator	3o$3bo$3bo	60			search
oscillator	3o$3bo$3bo$bo	40			search
oscillator	3o$3b3o	180			search
oscillator	3o2$3bo$obo	48			search
oscillator	3obo$obo	21552			search
oscillator	3obo$bo$2bo	2354			search
oscillator	3obo$bo3bo	7628			search
oscillator	3obo2$bo	88			search
oscillator	3obo$3b2o	568			search
oscillator	3ob2o	1372			search
oscillator	3obo$5bo	64			search
oscillator	2o$2bo$ob2o	8			search
oscillator	2o$2bo$o$2b2o	330			search
oscillator	2o$2bo2$o$o2bo	88			search
oscillator	2o$2b2o$bobo	32552			search
oscillator	2o2$2b2o	24			search
oscillator	2obo$2o$o	4188			search
oscillator	2obo$obo	1496			search
oscillator	2obo$obo3bo	676			search
oscillator	2obo$o3bo	488			search
oscillator	2obo2$o2bo	168			search
oscillator	2obo$b2o	4576			search
oscillator	2obo$bo2bo	460			search
oscillator	2obo$bo3b2o	10040			search
oscillator	2obo2$bo	20			search
oscillator	2obo$2bo$2o	6116			search
oscillator	2obo$2b3o	35252			search
oscillator	2obo$2bo$3bo	64			search
oscillator	2ob2o	36			search
oscillator	2ob2o$2o	48872			search
oscillator	2ob2o$bo$2bo	416			search
oscillator	2ob2o$2bo	12			search
oscillator	2ob2o$3bo$5bo	764			search
oscillator	2ob3o	5664			search
oscillator	2obo2bo$2bo	72			search
oscillator	2o2bo$ob2o	8892			search
oscillator	2o2bo2$o2bo	64			search
oscillator	2o2bo$bo$o3bo	4868			search
oscillator	2o2bo$b2o	568			search
oscillator	2o2bo$bo2bo$o	1916			search
oscillator	2o2bo$2bo$3bo	128			search
oscillator	2o2bo$3bo$4bo	84			search
oscillator	2o2bo$4bo	28			search
oscillator	2o2bo$4bo$o2bo	620			search
oscillator	2o2b2o$bo4bo	604			search
oscillator	2o2bo$5bo$5bo	52			search
oscillator	2o2bobo$2bo	60			search
oscillator	2o3bo$3o	664			search
oscillator	2o3bo$b2o	104			search
oscillator	2o3bo$2bobo	76			search
oscillator	2o4bo$o2b2o	10150			search
oscillator	o$bo	8			search
oscillator	o$bo$o$o$2o	9584			search
oscillator	o$bo$2o	44			search
oscillator	o$bo$2o2$2o	2590			search
oscillator	o$bo$2o3bo	60			search
oscillator	o$bo$o2$bo$2bo	28			search
oscillator	o$bo$obo	44			search
oscillator	o$bo$o2bo	24			search
oscillator	o$bo$o2bo2$2o	28			search
oscillator	o$bo3$2o	20			search
oscillator	o$bo3$obo	24			search
oscillator	o$bo$bo$o$o2$2bo	188			search
oscillator	o$bo$bo2$o	24			search
oscillator	o$bo$bo2b2o	44			search
oscillator	o$b2o	16			search
oscillator	o$b2o$o2bo	60			search
oscillator	o$b2o3$2o	84			search
oscillator	o$b2o$bo	44			search
oscillator	o$b2o2$bo$2bo	148			search
oscillator	o$b4o	148			search
oscillator	o$b2obo	20			search
oscillator	o$bo$2bo$bo$o	84			search
oscillator	o$bo$2bo$2bo$2bo	28			search
oscillator	o$bo$2b2o	24			search
oscillator	o$bo2$2bo$bo	16			search
oscillator	o$bobo$2obo	2172			search
oscillator	o$bobo$4bo	20			search
oscillator	o$bo$3bo$2bo	16			search
oscillator	o$bo2bo	12			search
oscillator	o$bo2bo2$3bo	16			search
oscillator	o$bo2bo2$3b2o	40			search
oscillator	o2$bo$o$2o	36			search
oscillator	o3$bo$2o	40			search
oscillator	obo$o2$o$o	160			search
oscillator	obo$2o$o	700			search
oscillator	obo$2o$b2o	54			search
oscillator	obo$2o2$b2o	508			search
oscillator	obo$3o$bo	34248			search
oscillator	obo$obo3$obo	14620			search
oscillator	obo$ob2o$2bo	1368			search
oscillator	obo2$o$b2o	92			search
oscillator	obo2$o$b2o2$2bo	216			search
oscillator	obo3$obo$o	96			search
oscillator	obo$bo	20			search
oscillator	obo$bo$o	20			search
oscillator	obo$bo$2o	308			search
oscillator	obo$bo$o$b2o	3828			search
oscillator	obo$bo$o2$bo	20			search
oscillator	obo$bo$obo	252			search
oscillator	obo$bo$o2bo	52			search
oscillator	obo$bo$o3bo	32			search
oscillator	obo$bo2$o	32			search
oscillator	obo$bo2$o$o	56			search
oscillator	obo$bo2$obo	108			search
oscillator	obo$bo2$obo2$2bo	236			search
oscillator	obo$bo3$o	24			search
oscillator	obo$bo$bo$o	80			search
oscillator	obo$bo$bo2$o	88			search
oscillator	obo$bo2$bo$o	32			search
oscillator	obo$bo2$b2o	176			search
oscillator	obo$b2o	36			search
oscillator	obo$b2o2$o	60			search
oscillator	obo$b2o2$o$o	2600			search
oscillator	obo$b2o$bo3bo	1466			search
oscillator	obo$b2obobo	3984			search
oscillator	obo$b2o$4b2o	300			search
oscillator	obo$bo$2bo	60			search
oscillator	obo$bo2$2bo	32			search
oscillator	obo$bo2$2bo2$o	108			search
oscillator	obo$bobo$3bo	48			search
oscillator	obo$bo$3bo2$o	28			search
oscillator	obo$bo$3bo$b2o	32			search
oscillator	obo2$b2o$b2o	31996			search
oscillator	obo$2bo$o2$bo	36			search
oscillator	obo$2bo$o2$2bo	44			search
oscillator	obo$2bo3$obo	36			search
oscillator	ob2o	12			search
oscillator	ob2o$bo2bo	164			search
oscillator	ob2o$bo$4bo	180			search
oscillator	ob2o2$3bo	12			search
oscillator	ob3o	180			search
oscillator	ob5o	14092			search
oscillator	ob4obo	42604			search
oscillator	ob2obo$bobo	1704			search
oscillator	ob2ob2o	140			search
oscillator	ob2ob3o	39868			search
oscillator	ob2o2bo$3bo2bo	3892			search
oscillator	ob2o2bo$4bo	84			search
oscillator	obo$3bo2$o$2bo	28			search
oscillator	obo$3bo$bo	32			search
oscillator	obo$3bo$2b2o	32			search
oscillator	obobo$bob2o	13502			search
oscillator	obobo$2b2o	156			search
oscillator	obob2ob2o	8876			search
oscillator	obobobo$3b2o	5428			search
oscillator	obo2bo$bo3b2o	13688			search
oscillator	o$2bo$o$bo	20			search
oscillator	o2bo$o$b2o	32			search
oscillator	o2bo$o3bo$o	68			search
oscillator	o2bo3$o2b2o$o	32			search
oscillator	o2bo$bo$o	20			search
oscillator	o2bo$b2o	56			search
oscillator	o2bo$b3o2bo	37492			search
oscillator	o2bo$b2obo	160			search
oscillator	o2bo$b2obo$3bo	6272			search
oscillator	o2bo$b2o$5bo	60			search
oscillator	o2bo$bo2bo	20			search
oscillator	o2b2o	20			search
oscillator	o2b2o2$2o	84			search
oscillator	o2b2o$bo	16			search
oscillator	o2b2o$bo$o	160			search
oscillator	o2b2o$b2o3bo	19544			search
oscillator	o2b2o$bo3bo	104			search
oscillator	o2b2o$2b3o	31396			search
oscillator	o2b2o$2bobo	12			search
oscillator	o2b3o	40			search
oscillator	o2bo$4bo$2bo2bo	60			search
oscillator	o2bobo$o5bo$o	256			search
oscillator	o$3bobo$3bo2bo	52			search
oscillator	o3bo$bo$o3bo	32			search
oscillator	o3bo$b2o	40			search
oscillator	o3bo$bobo$4bo	60			search
oscillator	o3bo$2bo2$3b2o	72			search
oscillator	o3bo2$2bob2o	88			search
oscillator	o3b2o2$3bo2bo	72			search
oscillator	o3b5o	41548			search
oscillator	o$4bo$2obo	88			search
oscillator	o$4bo$b2o	20			search
oscillator	o$4bo$b2obo	20			search
oscillator	o4b2o$4bobo	72			search
oscillator	bo$o$o$o$2bo	40			search
oscillator	bo$2o$3bo$2bo	72			search
oscillator	bo$o$2b2o	24			search
oscillator	bo$o$2bo$4bo$3bo	12			search
oscillator	bo$bo$2b2o	20			search
oscillator	bo$bobo$bo3bo	100			search
oscillator	bo2$b2o$2bo2$bo	64			search
oscillator	bo2$bo$2bo$3bo$bo	48			search
oscillator	bo3$b2o2$bo	24			search
oscillator	b2o$o$bo$bo	32			search
oscillator	b2o$obo$2o	2508			search
oscillator	b2o$obo2$bo	68			search
oscillator	b2o$o2bo$o2bo	24902			search
oscillator	b2o2$2o	20			search
oscillator	b2o2$2o2$o	20			search
oscillator	b2o2$o$bo$o2bo	28			search
oscillator	b2o$bo$bobo	16			search
oscillator	b2o$b2o	12			search
oscillator	b2o$b2o3$bo$2bo	64			search
oscillator	b2o$b3o$2bo	49140			search
oscillator	b2o$b3o$5bo	5540			search
oscillator	b2o$bo$2bo	36			search
oscillator	b2o$bobo$4bo	28			search
oscillator	b2o$bo3bo$bo	16			search
oscillator	b2o2$bo$bo	16			search
oscillator	b2o2$bo$bo$2bo$bo	7472			search
oscillator	b2o2$b2o2$bo$bo	19236			search
oscillator	b2o2$bo$2bo	20			search
oscillator	b2o2$bo$2bo2$2bo	108			search
oscillator	b2o2$bobo$bo	52			search
oscillator	b2o2$bo$3bo$3bo	56			search
oscillator	b2o3$b2o	24			search
oscillator	b2o3$b2o2$2bo	28			search
oscillator	b2o$2bo$bo	44			search
oscillator	b2o$2bo$bo$bo	2256			search
oscillator	b2o$2b2o$4b2o	4740			search
oscillator	b2o$2bo3bo2$bo	40			search
oscillator	b2o2$2b2o	20			search
oscillator	b3o$bobo2bo	49220			search
oscillator	b3o$2bobo	1160			search
oscillator	b3o2$2bo2bo	164			search
oscillator	b3o2$3bobo	124			search
oscillator	b4o	32			search
oscillator	b4obo	96			search
oscillator	b3o$4bo	32			search
oscillator	b3ob2o$3bo	1934			search
oscillator	b3o$5b2o	120			search
oscillator	b3o$5bo$6b2o	184			search
oscillator	b3o2bo$2bo3bo	10160			search
oscillator	b3o2bo$5b2o	4560			search
oscillator	b3o2bo$6bo	28			search
oscillator	b2o$3bo$2bo2bo	68			search
oscillator	b2o$3bo$3bobo	124			search
oscillator	b2o$3b2o	16			search
oscillator	b2obo$b2o2$bo	2112			search
oscillator	b2obo$b3o	1748			search
oscillator	b2obo$b2obo	11608			search
oscillator	b2obo$bobo	4164			search
oscillator	b2obo$bo2bo	28			search
oscillator	b2obo$2bo	32			search
oscillator	b2obo2$2bo2bo	68			search
oscillator	b2obo$3bo	64			search
oscillator	b2obo$4bo3bo	84			search
oscillator	b2ob2o$8bo	68			search
oscillator	b2o$4b2o$3bo	24			search
oscillator	b2o2bo$2bo3bo	88			search
oscillator	b2o2bo2$2bo3b2o	372			search
oscillator	b2o2b2o$3bo	120			search
oscillator	b2o2b2o$3b2o	8240			search
oscillator	b2o3bo$4bo	48			search
oscillator	b2o$6bo$b2o2bo	108			search
oscillator	b2o5bo$4bob2o	212			search
oscillator	bo$2bo$bo$2bo2$bo	112			search
oscillator	bo2$2bo$bo$bo$bo	92			search
oscillator	bo2$2bo$bo$2bo$bo	192			search
oscillator	bobo$bo2bo	20			search
oscillator	bobo$2bo$3bo$4bo	16			search
oscillator	bob2o$bo	16			search
oscillator	bob2o$bo2$bo	28			search
oscillator	bob2o$bo4bo	24			search
oscillator	bob2o$5bo$bobo	12			search
oscillator	bob2obo$6bo	140			search
oscillator	bobob2o$2bo2bo	13432			search
oscillator	bobo2bo$4bobo	108			search
oscillator	bo2bo2$2o2bo	96			search
oscillator	bo2bo$bo$2bo	24			search
oscillator	bo2bo$bo2bo2$bo	24			search
oscillator	bo2bo$2bobo2$bo	108			search
oscillator	bo2bo2$2bo$b2o	120			search
oscillator	bo2bo2$2bo$bobo	84			search
oscillator	bo2bo$3b2o2$bo	120			search
oscillator	bo2bo2$4bo$b2o	60			search
oscillator	bo2b3o	40			search
oscillator	bo2b3o$2bo	56			search
oscillator	bo2b3o$3bo	92			search
oscillator	bo2b3obo$8bo	292			search
oscillator	bo2b2o$8bo	32			search
oscillator	bo2bo3$5bo$2bo2bo	28			search
oscillator	bo2bobo$bo$2bo	28			search
oscillator	bo2bobo$3b2o	52			search
oscillator	bo2bobo$4bo	24			search
oscillator	bo2bobo$5bo	12			search
oscillator	bo3bob2o$5bo	52			search
oscillator	2bo$o2b2o$5bo	40			search
oscillator	2bo$bo$bo$bo	48			search
oscillator	2bo$bo$bo3$bo$2bo	68			search
oscillator	2bo$b2o2$bo	16			search
oscillator	2bo$bo$2bo	20			search
oscillator	2bo$bo$2bo2$bo	20			search
oscillator	2bo$bo$2bo$2bo2$bo	180			search
oscillator	2bo$2bo3$b2o	20			search
oscillator	2bo$2bo2$2bo$bo	12			search
oscillator	2bo$2bo3bo$5bo$bo	36			search
oscillator	2b3o$bo	48			search
oscillator	2b3o$bo$6bo	52			search
oscillator	2b3o2$bo$bo$3bo	688			search
oscillator	2b3o2$4bo$2bo$bo	48			search
oscillator	2b3obo$bo2bo	724			search
oscillator	2bobo$bo$bo$bo	116			search
oscillator	2bobo$b2o	16			search
oscillator	2bobo2$bo2b2o	80			search
oscillator	2bobo$2bo2$b2o	36			search
oscillator	2bobo$3bo$bo$bo	68			search
oscillator	2bobo$4bo$2bo$bo	80			search
oscillator	2bobobo$3bo$bo$3bo	100			search
oscillator	2bo3bo$6bo$bo2bo	32			search
oscillator	3b2o$bo$2bo2$3bo	24			search
oscillator	3b2o2$3b2o$bo	48			search
oscillator	3b2o$4bo$3bo$bo	56			search
oscillator	3b2obo$bo$2bobo	64			search
oscillator	3b2obo2$b2o	36			search
oscillator	3bo2bo$5bo$bo2bo	60			search
oscillator	4bo$b2obo2$bo	36			search
oscillator	4bo$bobo$2bobo	48			search
oscillator	4bo$2bobo$bo	16			search
oscillator	4bo$2bo3bo$bo2bo	36			search
oscillator	4bo$3bo$b2obo	64			search
oscillator	4b3o$bo$3bo	40			search
oscillator	6bo$3bob2o$bo	44			search
