# The patterns kept for cas under the rule 0,2,8,5,1,12,6,13,4,9,3,7,10,14,11,15:
# a pattern to a line, with tabs in between: what it is (a spaceship, an oscillator or a
# still life), the pattern (run-length encoded, from a corner of the blocks the next step
# rewrites, at the start of the vacuum's cycle), its period, how far it moves in a period,
# a name, and a note. The file is named by the rule's table in hex.
sort	pattern	period	moves	name	note
spaceship	o$2o$2o	1500	4,4		search
spaceship	o$3o$o$o	120	4,4		search
spaceship	2o$o$o$bo	134	2,0		search
spaceship	2o$2o$o3$bo	6528	4,0		search
spaceship	2o$o$bo$obo	988	2,2		search
spaceship	5o	1276	6,6		search
spaceship	3obo$3bo$3bo	1454	2,0		search
spaceship	2obo$2o$bo	1625	1,1		search
spaceship	2obo$bobo$3bo	4036	2,2		search
spaceship	2ob2o$bo2bo	2796	2,2		search
spaceship	2o3b2o$obo	2059	1,1		search
spaceship	o2b2o$4bo$bobo	2802	2,2		search
spaceship	$2o$2o2$bo$o	2865	1,1		search
spaceship	$2o$o$bo$2b2o	1908	4,4		search
spaceship	$ob2o$b2o$o	205	1,1		search
spaceship	bo$b2o$2bo$2bo$bo	1116	4,0		search
spaceship	b2o$2o2$obo	1270	4,4		search
spaceship	b2o$bobo$3bo$3bo	1163	1,1		search
spaceship	b2o$2bobo$2o	10	2,2		search
spaceship	b3o$b2o3bo	1491	1,1		search
spaceship	b3o$bo$2bo$2bo	124	2,2		search
spaceship	b3o$bo$2b2o	2376	2,2		search
spaceship	b2obo$3b2o	668	4,0		search
spaceship	bobo$2b2o$bo$bo	1426	2,2		search
spaceship	bobo2bo$3b2obo	3850	2,0		search
spaceship	bo3b2o$b3o	4504	4,4		search
spaceship	$b2ob4o	11980	10,10		search
spaceship	2b2o$2bo$2obo	4860	2,2		search
spaceship	2b4o$b2o	3152	2,2		search
spaceship	$2b2o$b2o$b2o	2108	2,2		search
spaceship	3bo2bo$o2b3o	4170	2,0		search
spaceship	4b2o$b3obo	7377	9,9		search
oscillator	o	4			search
oscillator	o$o$o2$o	16			search
oscillator	o$o$2o	16			search
oscillator	o$o$2o2$2o	1064			search
oscillator	o$o2$o$o	36			search
oscillator	o$o2$o$o2$o	140			search
oscillator	o$2o$o	60			search
oscillator	o$2o$bo	84			search
oscillator	o$2o2$bo$2o	8548			search
oscillator	o$3o$bo	28			search
oscillator	o$3o$bo$2bo	706			search
oscillator	o$2obo$b2o	342			search
oscillator	o$obo$o	18			search
oscillator	o$obo$2o2$bo	212			search
oscillator	o$obo$bo$2bo	32			search
oscillator	o$o3bo$4bo$4bo	16			search
oscillator	o2$o$3o$bo	200			search
oscillator	o2$o$o$bo	32			search
oscillator	o2$o$obo2$bo	48			search
oscillator	o2$o$bo$bo	20			search
oscillator	2o	8			search
oscillator	2o$o	8			search
oscillator	2o$o$o	52			search
oscillator	2o$o$o2$o	24			search
oscillator	2o$o3$o	36			search
oscillator	2o$2o$obo	2448			search
oscillator	2o$2o$2bo	28			search
oscillator	2o$2obo$2bo	778			search
oscillator	2o$o$b2o	12			search
oscillator	2o$o$b2o$o	2084			search
oscillator	2o$obo	84			search
oscillator	2o$obo$2o	12996			search
oscillator	2o$obo2$2o	644			search
oscillator	2o$obo3$o	252			search
oscillator	2o$ob2o$bo	652			search
oscillator	2o$obobo	84			search
oscillator	2o$o$2bo	84			search
oscillator	2o$o$2bo$2o	1920			search
oscillator	2o$o2bo$obo	616			search
oscillator	2o$o2bo$o2bo	256			search
oscillator	2o2$o$2o$bo	2792			search
oscillator	2o$bo$b2o	20			search
oscillator	2o$b2o$2bo	52			search
oscillator	2o$bobo$o2bo	7504			search
oscillator	2o$bobo$b2o	98			search
oscillator	2o3$bo2$o$o	44			search
oscillator	2o3$bo$bo	20			search
oscillator	3o	20			search
oscillator	3o$o	52			search
oscillator	3o$2o	24			search
oscillator	3o$2o$o	3668			search
oscillator	3o$3o	29432			search
oscillator	3o$2o$2bo	7956			search
oscillator	3o$2obo	1264			search
oscillator	3o$o$b2o	936			search
oscillator	3o$obo	772			search
oscillator	3o$o2bo	1124			search
oscillator	3o2$2o	204			search
oscillator	3o2$o$bo	168			search
oscillator	3o2$obo	308			search
oscillator	3o2$obo$2bo	7226			search
oscillator	3o2$o2$2bo	88			search
oscillator	3o2$o2bo	80			search
oscillator	3o2$o3bo	44			search
oscillator	3o2$o3bo2$bo	52			search
oscillator	3o3$o$o	96			search
oscillator	3o$bo2$2o	1136			search
oscillator	3o$b2o$bo	49840			search
oscillator	3o$b2obo	10808			search
oscillator	3o$bob2o	136			search
oscillator	3o$bo2bo	500			search
oscillator	3o2$bo	36			search
oscillator	3o2$bo$2o	7168			search
oscillator	3o2$bo$2bo	224			search
oscillator	3o2$bobo	40			search
oscillator	3o3$bo$bo	88			search
oscillator	3o3$b2o	176			search
oscillator	3o$2bo$o$o	14408			search
oscillator	3o$2bo2$o	212			search
oscillator	3o$2bo$3bo	212			search
oscillator	3o3$2bo2$o	64			search
oscillator	4o	32			search
oscillator	4o$obo	72			search
oscillator	4o$o5bo	764			search
oscillator	4o$bo2bo	220			search
oscillator	4o$2bo	2220			search
oscillator	5o2$4bo	3972			search
oscillator	6o	8280			search
oscillator	4o$4b2o	5536			search
oscillator	3o$3bo2$bobo	348			search
oscillator	3o$3bo$3bo	60			search
oscillator	3o$3bo$3bo$bo	40			search
oscillator	3o$3b2o	776			search
oscillator	3o$3b3o	104			search
oscillator	3o2$3bo$obo	48			search
oscillator	3obo2$bo	88			search
oscillator	3obo$2bo2bo	1722			search
oscillator	3obo$3b2o	7252			search
oscillator	3ob2o	1916			search
oscillator	3obo$5bo	64			search
oscillator	2o$2bo$ob2o	8			search
oscillator	2o$2bo2$o$o2bo	88			search
oscillator	2o2$2b2o	24			search
oscillator	2obo$2o2bo	556			search
oscillator	2obo$obo$bo	9872			search
oscillator	2obo$o$2b2o	4916			search
oscillator	2obo$o3bo3bo	1956			search
oscillator	2obo2$o2bo	168			search
oscillator	2obo$bo$o	236			search
oscillator	2obo$b2o	24			search
oscillator	2obo$b2o$bo	1012			search
oscillator	2obo$bo$2bo	252			search
oscillator	2obo2$bo	20			search
oscillator	2obo$2bo$bo	236			search
oscillator	2obo$2bo$b2o	316			search
oscillator	2obo$2bo$3bo	64			search
oscillator	2obo2$2b2o$bo	5056			search
oscillator	2ob2o	36			search
oscillator	2ob2o$obo	706			search
oscillator	2ob2o$o3bo	22932			search
oscillator	2ob2o$o5bo	13796			search
oscillator	2ob2o$bo	488			search
oscillator	2ob2o$2bo	12			search
oscillator	2ob2o$2bo$bo	2852			search
oscillator	2ob2o$2bobo	12			search
oscillator	2ob2o$4bo	72			search
oscillator	2ob3o	360			search
oscillator	2ob3o$6bo	2268			search
oscillator	2obo2bo$2bo	72			search
oscillator	2o2bo$obobo	8788			search
oscillator	2o2bo2$o2bo	64			search
oscillator	2o2bo$2bo$bo	316			search
oscillator	2o2bo$2bo$3bo	128			search
oscillator	2o2bo$3bo$4bo	84			search
oscillator	2o2bo$4bo	28			search
oscillator	2o2b2o$2bobo	7044			search
oscillator	2o2bo$5bo$5bo	52			search
oscillator	2o2bobo$2bo	60			search
oscillator	2o3b2o$o3bo	17644			search
oscillator	o$bo	8			search
oscillator	o$bo$2o	44			search
oscillator	o$bo$2o3bo	60			search
oscillator	o$bo$o2$bo$2bo	28			search
oscillator	o$bo$obo	44			search
oscillator	o$bo$o2bo	24			search
oscillator	o$bo$o2bo2$2o	28			search
oscillator	o$bo3$2o	20			search
oscillator	o$bo3$obo	24			search
oscillator	o$bo$bo$o$o2$2bo	188			search
oscillator	o$bo$bo2$o	24			search
oscillator	o$bo$bo2b2o	44			search
oscillator	o$bo2$bo$b2o	16			search
oscillator	o$b2o	16			search
oscillator	o$b2o$o2bo	60			search
oscillator	o$b2o3$2o	84			search
oscillator	o$b2o$bo	44			search
oscillator	o$b2o2$bo$2bo	148			search
oscillator	o$b4o	148			search
oscillator	o$b2obo	20			search
oscillator	o$bo$2bo$bo$o	84			search
oscillator	o$bo$2bo$2bo$2bo	28			search
oscillator	o$bo$2b2o	24			search
oscillator	o$bo2$2bo$bo	16			search
oscillator	o$bobo$b3o	572			search
oscillator	o$bob2o$2o	1388			search
oscillator	o$bobo$4bo	20			search
oscillator	o$bo$3bo$2bo	16			search
oscillator	o$bo2bo	12			search
oscillator	o$bo2bo2$3bo	16			search
oscillator	o$bo2bo2$3b2o	40			search
oscillator	o2$bo$o$2o	36			search
oscillator	o3$bo$2o	40			search
oscillator	obo$o$obo	1804			search
oscillator	obo$o2$o$o	160			search
oscillator	obo$2o$2bo2$o	984			search
oscillator	obo$obo$2bo$2bo	17528			search
oscillator	obo$o2bo$obo	10736			search
oscillator	obo2$o$b2o	92			search
oscillator	obo2$o$b2o2$2bo	216			search
oscillator	obo3$obo$o	96			search
oscillator	obo$bo	20			search
oscillator	obo$bo$o	20			search
oscillator	obo$bo$o2$o$bo	3916			search
oscillator	obo$bo$2o	308			search
oscillator	obo$bo$o2$bo	20			search
oscillator	obo$bo$obo	252			search
oscillator	obo$bo$o2bo	52			search
oscillator	obo$bo$o3bo	32			search
oscillator	obo$bo2$o	32			search
oscillator	obo$bo2$o$o	56			search
oscillator	obo$bo2$obo	108			search
oscillator	obo$bo2$obo2$2bo	236			search
oscillator	obo$bo3$o	24			search
oscillator	obo$bo$bo$o	80			search
oscillator	obo$bo$bo2$o	88			search
oscillator	obo$bo2$bo$o	32			search
oscillator	obo$bo2$b2o	176			search
oscillator	obo$b2o	36			search
oscillator	obo$b2o2$o	60			search
oscillator	obo$b2o$4b2o	300			search
oscillator	obo$bo$2bo	60			search
oscillator	obo$bo2$2bo	32			search
oscillator	obo$bo2$2bo2$o	108			search
oscillator	obo$bobo$3bo	48			search
oscillator	obo$bo$3bo2$o	28			search
oscillator	obo$bo$3bo$b2o	32			search
oscillator	obo3$b2o$2o	468			search
oscillator	obo$2bo$o2$bo	36			search
oscillator	obo$2bo$o2$2bo	44			search
oscillator	obo$2bo3$obo	36			search
oscillator	obo$2bo$b2o$bo	10576			search
oscillator	ob2o	12			search
oscillator	ob2o$b2o	2060			search
oscillator	ob2o$bo2bo	164			search
oscillator	ob2o$bo$4bo	180			search
oscillator	ob2o2$3bo	12			search
oscillator	ob3o	16			search
oscillator	ob3o$b2o	13836			search
oscillator	ob3o$3bo	12			search
oscillator	ob3o$3b2o	1060			search
oscillator	ob2ob2o	140			search
oscillator	ob2o2bo$4bo	84			search
oscillator	obo$3bo2$o$2bo	28			search
oscillator	obo$3bo$bo	32			search
oscillator	obo$3bo$2b2o	32			search
oscillator	o$2bo$o$bo	20			search
oscillator	o2bo$o$b2o	32			search
oscillator	o2bo$o3bo$o	68			search
oscillator	o2bo3$o2b2o$o	32			search
oscillator	o2bo$bo$o	20			search
oscillator	o2bo$b2o	56			search
oscillator	o2bo$b2obo	160			search
oscillator	o2bo$b2o$5bo	60			search
oscillator	o2bo$bo2bo	20			search
oscillator	o2b2o	20			search
oscillator	o2b2o2$2o	84			search
oscillator	o2b2o$bo	16			search
oscillator	o2b2o$bo$o	160			search
oscillator	o2b2o$b2obo	34728			search
oscillator	o2b2o$bo2bo2$bo	674			search
oscillator	o2b2o$bo3bo	60			search
oscillator	o2b2o$2b3o	136			search
oscillator	o2b2o$2bobo	12			search
oscillator	o2b2o$2bobo$bo	612			search
oscillator	o2b3o	40			search
oscillator	o2b4o$3bo	278			search
oscillator	o2b5o	6620			search
oscillator	o2b2obo$3bo2bo	1660			search
oscillator	o2bo$4bo$2bo2bo	60			search
oscillator	o2bobo$o5bo$o	256			search
oscillator	o$3bobo$3bo2bo	52			search
oscillator	o3bo$bo$o3bo	32			search
oscillator	o3bo$b2o	40			search
oscillator	o3bo$b3o	252			search
oscillator	o3bo$b4o	4040			search
oscillator	o3bo$bob2o	64			search
oscillator	o3bo$bobo$4bo	60			search
oscillator	o3bo$2bo2$3b2o	72			search
oscillator	o3bo2$2bob2o	88			search
oscillator	o3bo$4b2o$b2o	16			search
oscillator	o3b2o2$3bo2bo	72			search
oscillator	o$4bo$2obo	88			search
oscillator	o$4bo$b2o	20			search
oscillator	o$4bo$b2obo	20			search
oscillator	o4bo$b2o$bobo	3332			search
oscillator	o4bo$b2obobo	908			search
oscillator	o4b2o$4bobo	72			search
oscillator	bo$o$o$o$2bo	40			search
oscillator	bo$3o$bo	12			search
oscillator	bo$o$2b2o	24			search
oscillator	bo$o$2bo$4bo$3bo	12			search
oscillator	bo$bo$2b2o	20			search
oscillator	bo$bobo$bo3bo	100			search
oscillator	bo2$b2o$2bo2$bo	64			search
oscillator	bo2$bo$2bo$3bo$bo	48			search
oscillator	bo3$b2o2$bo	24			search
oscillator	b2o$2o$2o	9848			search
oscillator	b2o$3o$bo	22740			search
oscillator	b2o$o$bo$bo	32			search
oscillator	b2o$obo$bo$bo	9392			search
oscillator	b2o$obo2$bo	68			search
oscillator	b2o2$2o	20			search
oscillator	b2o2$2o2$o	20			search
oscillator	b2o2$o$bo$o2bo	28			search
oscillator	b2o$bo$bobo	16			search
oscillator	b2o$bo2$bo$2bo	64			search
oscillator	b2o$b2o	12			search
oscillator	b2o$b2o3$bo$2bo	64			search
oscillator	b2o$bo$2bo	36			search
oscillator	b2o$bo$2bo$bo	236			search
oscillator	b2o$bobo$4bo	28			search
oscillator	b2o$bo3bo$bo	16			search
oscillator	b2o2$bo$bo	16			search
oscillator	b2o2$b2o2$2bo$bo	7236			search
oscillator	b2o2$bo$2bo	20			search
oscillator	b2o2$bo$2bo2$2bo	108			search
oscillator	b2o2$bobo$bo	52			search
oscillator	b2o2$bo$3bo$3bo	56			search
oscillator	b2o3$b2o	24			search
oscillator	b2o3$b2o$2bo$bo	6986			search
oscillator	b2o3$b2o2$2bo	28			search
oscillator	b2o$2bo$bo	44			search
oscillator	b2o$2bo2$2bo$2bo	72			search
oscillator	b2o$2bo3bo2$bo	40			search
oscillator	b2o2$2bo$bo$bo$bo	7220			search
oscillator	b2o2$2b2o	20			search
oscillator	b3o$2bobo	72			search
oscillator	b3o2$2bo2bo	164			search
oscillator	b3o$3b2o$3bo	20612			search
oscillator	b3o2$3bobo	124			search
oscillator	b4o	32			search
oscillator	b4o$bobo	2040			search
oscillator	b4o$2b2o	472			search
oscillator	b4o$2bo$3bo	3124			search
oscillator	b4obo	96			search
oscillator	b4obo$4bo	10020			search
oscillator	b3o$4bo	32			search
oscillator	b3o$5b2o	120			search
oscillator	b3o$5bo$6b2o	184			search
oscillator	b3o2bo$6bo	28			search
oscillator	b2o$3bo$2bo2bo	68			search
oscillator	b2o$3bo$3bobo	124			search
oscillator	b2o$3b2o	16			search
oscillator	b2obo$b2o$2bo	4908			search
oscillator	b2obo$bobo	236			search
oscillator	b2obo$bo2bo	28			search
oscillator	b2obo$bo3b2o	6456			search
oscillator	b2obo$2bo	32			search
oscillator	b2obo2$2bo2bo	68			search
oscillator	b2obo$3bo	64			search
oscillator	b2obo$4bo3bo	84			search
oscillator	b2ob3o$5bo	108			search
oscillator	b2ob2o$8bo	68			search
oscillator	b2obobo$3b2o	5044			search
oscillator	b2o$4b2o$3bo	24			search
oscillator	b2o2bo$2bo3bo	88			search
oscillator	b2o2bo2$2bo3b2o	372			search
oscillator	b2o2b2o$3bo	120			search
oscillator	b2o2b2o$4bobo	6460			search
oscillator	b2o3bo$4bo	48			search
oscillator	b2o$6bo$b2o2bo	108			search
oscillator	b2o5bo$4bob2o	212			search
oscillator	bo$2bo$bo$2bo2$bo	112			search
oscillator	bo2$2bo$bo$bo$bo	92			search
oscillator	bo2$2bo$bo$2bo$bo	192			search
oscillator	bobo$bo2bo	20			search
oscillator	bobo$2bo$3bo$4bo	16			search
oscillator	bob2o$bo	16			search
oscillator	bob2o$bo2$bo	28			search
oscillator	bob2o$b2o	24			search
oscillator	bob2o$bo4bo	24			search
oscillator	bob2o$2bo$2bo2bo	15364			search
oscillator	bob3o$8bo	52			search
oscillator	bob2o$5bo$bobo	12			search
oscillator	bob2obo$6bo	140			search
oscillator	bobo2bo$4bobo	108			search
oscillator	bo2bo2$2o2bo	96			search
oscillator	bo2bo$bo$2bo	24			search
oscillator	bo2bo$bo2bo2$bo	24			search
oscillator	bo2bo$2bobo2$bo	108			search
oscillator	bo2bo2$2bo$b2o	120			search
oscillator	bo2bo2$2bo$bobo	84			search
oscillator	bo2bo$3b2o2$bo	120			search
oscillator	bo2bo2$4bo$b2o	60			search
oscillator	bo2b3o	40			search
oscillator	bo2b3o$2bo	56			search
oscillator	bo2b3o$3bo	92			search
oscillator	bo2b3o$5bo	60			search
oscillator	bo2b3obo$8bo	292			search
oscillator	bo2b2o$8bo	32			search
oscillator	bo2bo3$5bo$2bo2bo	28			search
oscillator	bo2bobo$bo$2bo	28			search
oscillator	bo2bobo$3b2o	52			search
oscillator	bo2bobo$4bo	24			search
oscillator	bo2bobo$5bo	12			search
oscillator	bo3bob2o$5bo	52			search
oscillator	2bo$o2b2o$5bo	40			search
oscillator	2bo$bo$bo$bo	48			search
oscillator	2bo$bo$bo3$bo$2bo	68			search
oscillator	2bo$b2o2$bo	16			search
oscillator	2bo$bo$2bo	20			search
oscillator	2bo$bo$2bo2$bo	20			search
oscillator	2bo$bo$2bo$2bo2$bo	180			search
oscillator	2bo$2bo3$b2o	20			search
oscillator	2bo$2bo2$2bo$bo	12			search
oscillator	2bo$2bo3bo$5bo$bo	36			search
oscillator	2b3o$bo	48			search
oscillator	2b3o$bobo	2368			search
oscillator	2b3o$bo$6bo	52			search
oscillator	2b3o2$bo$bo$3bo	688			search
oscillator	2b3o2$4bo$2bo$bo	48			search
oscillator	2b3obo$bo2bo	3860			search
oscillator	2b3obo$bo3bo	16224			search
oscillator	2bobo$bo$bo$bo	116			search
oscillator	2bobo$b2o	16			search
oscillator	2bobo2$bo2b2o	80			search
oscillator	2bobo$2bo2$b2o	36			search
oscillator	2bobo$3bo$bo$bo	68			search
oscillator	2bobo$4bo$2bo$bo	80			search
oscillator	2bobobo$3bo$bo$3bo	100			search
oscillator	2bo3bo$6bo$bo2bo	32			search
oscillator	3b2o$bo$2bo2$3bo	24			search
oscillator	3b2o2$3b2o$bo	48			search
oscillator	3b2o$4bo$3bo$bo	56			search
oscillator	3b2obo$bo$2bobo	64			search
oscillator	3b2obo2$b2o	36			search
oscillator	3bo2bo$5bo$bo2bo	60			search
oscillator	4bo$b2obo2$bo	36			search
oscillator	4bo$bobo$2bobo	48			search
oscillator	4bo$2bobo$bo	16			search
oscillator	4bo$2bo3bo$bo2bo	36			search
oscillator	4bo$3bo$b2obo	64			search
oscillator	4b3o$bo$3bo	40			search
oscillator	6bo$3bob2o$bo	44			search
