# The patterns kept for cas under the rule 0,4,1,10,8,3,6,14,2,9,12,13,5,11,7,15 (ESPCA-016a7f):
# a pattern to a line, with tabs in between: what it is (a spaceship, an oscillator or a
# still life), the pattern (run-length encoded, from a corner of the blocks the next step
# rewrites, at the start of the vacuum's cycle), its period, how far it moves in a period,
# a name, and a note. The file is named by the rule's table in hex.
class	pattern	period	moves	name	note
spaceship	2b2o$obo$2bo	3	1,1		
spaceship	2o$2o2$2o	51	1,1		
spaceship	$bobo$bo2$o$o$o	234	2,2		
spaceship	bobo$3bo$3bo2$2b2o	700	4,4		
spaceship	$3o$bobo$3bo	393	1,1		
spaceship	3ob2o	490	2,0		
spaceship	o2bo$b3o	829	1,1		
spaceship	$bobo$o$o2$o$o	212	4,4		
spaceship	2b2o$2b2o$bobo	320	4,4		
spaceship	b2o$b3o	719	1,1		
spaceship	2bo$obo$2o2$bo	10	2,2		
spaceship	3bo$obo3$obo2$bo	28	4,4		
spaceship	$2bo$2b2o2$o$bo$o	116	4,4		
spaceship	2o$2o$bo3$o	996	8,0		
spaceship	$b2o$2bo$b3o	93	1,1		
spaceship	2o2b2o$o4bo	236	2,0		
oscillator	o	4			
oscillator	2o	8			
oscillator	obo$o4bo$o5bo	148			
oscillator	bo$bob2o2$4bo	36			
oscillator	obo$b2o	44			
oscillator	3o	20			
oscillator	bo$bo$2bo	20			
oscillator	o$bo	8			
oscillator	2o2bo	20			
spaceship	2o$o$o$o$o	8061	3,3		
spaceship	b2o$2bo2$b2o$bo	6104	4,4		
spaceship	bo$b3o$bo$2bo	711	3,3		
spaceship	7bo$2bo2bo$2obo	108	4,4		
spaceship	2bo$2o$o$2o	58	2,2		
spaceship	3bo2$3bo2$2b2o$bobo$2bo	932	4,4		
spaceship	b2o$3o$o	7852	8,8		
