# The patterns kept for cas under the rule 15,7,11,3,13,5,6,8,14,9,10,4,12,2,1,0:
# a pattern to a line, with tabs in between: what it is (a spaceship, an oscillator or a
# still life), the pattern (run-length encoded, from a corner of the blocks the next step
# rewrites, at the start of the vacuum's cycle), its period, how far it moves in a period,
# a name, and a note. The file is named by the rule's table in hex.
class	pattern	period	moves	name	note
spaceship	bo$o$o$bo	4	2,0		
spaceship	bo$o$2o$2o$o$bo	4	2,0		
spaceship	bo$o$o$bo$bo$o$o$bo	8	2,0		
spaceship	bobo$obo$obo$bobo	4	2,0		
