# The patterns kept for cas under the rule 15,7,11,5,13,12,6,4,14,9,3,1,10,8,2,0:
# a pattern to a line, with tabs in between: what it is (a spaceship, an oscillator or a
# still life), the pattern (run-length encoded, from a corner of the blocks the next step
# rewrites, at the start of the vacuum's cycle), its period, how far it moves in a period,
# a name, and a note. The file is named by the rule's table in hex.
sort	pattern	period	moves	name	note
spaceship	o$o$o2$o$o$o	3804	4,4		search
spaceship	2o$o3bo$3bo	298	6,0		search
spaceship	3ob2o	2560	4,4		search
spaceship	o3$2bo$2o	96	4,0		search
spaceship	o4bo$bo2bo$2bo	356	2,2		search
spaceship	$o2$2bo$2o	88	4,0		search
spaceship	2bo$b2o$obo	356	4,0		search
spaceship	2bo$2bo$2o	122	2,0		search
spaceship	2bo$2bo3$2bo2$2o	1956	2,2		search
spaceship	$2bo$o$2o$2bo	30	2,0		search
spaceship	$2bo$2o2b2o	316	2,2		search
spaceship	$2bo$o3b2o	736	4,0		search
spaceship	$2b2o2$2o	24	2,2		search
spaceship	$2b2o2$bo$2bo	56	4,0		search
spaceship	$2b3o$b2obo	284	2,0		search
oscillator	o	8			search
oscillator	o$o$o	32			search
oscillator	o$o$o$o$o	736			search
oscillator	o$o$o$o2$o$o	15192			search
oscillator	o$o$o2$o	168			search
oscillator	o$o$o2$o2$o	192			search
oscillator	o$o2$o$o	72			search
oscillator	o$o2$o$2o	112			search
oscillator	o$o2$obo$2bo	56			search
oscillator	o$o3$o	72			search
oscillator	o$o3$2o	112			search
oscillator	o$o4$o$o	72			search
oscillator	o$2o$3o	4528			search
oscillator	o$2o$bo$o$o	408			search
oscillator	o$3o$o	32			search
oscillator	o$o$bo2$b2o	32			search
oscillator	o$obo$o	32			search
oscillator	o$obo$o$2bo$3bo	1952			search
oscillator	o$obo2$2bo$2bo	56			search
oscillator	o2$o$2o$bo2$o	976			search
oscillator	o2$2o2$bo	32			search
oscillator	o2$2o3$bo	32			search
oscillator	o2$3o	32			search
oscillator	o2$3o2$2bo	48			search
oscillator	o2$2o2$2bo	48			search
oscillator	o2$o$bo$o	16			search
oscillator	o2$o$bo$obo	72			search
oscillator	o2$obo$bo$2bo	72			search
oscillator	o2$obo$4bo$4bo	32			search
oscillator	o3$o$o	8			search
oscillator	2o	32			search
oscillator	2o$o	32			search
oscillator	2o$o$o2$2bo	32			search
oscillator	2o$o$o2bo	32			search
oscillator	2o$o2$o2$2bo	32			search
oscillator	2o$2o$bo$2bo	56			search
oscillator	2o$o$bo3$o	200			search
oscillator	2o$o$b2o	264			search
oscillator	2o$o$bo$2bo	104			search
oscillator	2o$o2$bo$o	200			search
oscillator	2o$o2$bo$2bo	32			search
oscillator	2o$obo	32			search
oscillator	2o$obo$2o	17944			search
oscillator	2o$obo$o$bo	1632			search
oscillator	2o$obo$bo	688			search
oscillator	2o$obo3$2bo	32			search
oscillator	2o$o$2bo2$o	768			search
oscillator	2o$o$2bo3$2bo	152			search
oscillator	2o$o3$2bo	32			search
oscillator	2o$o2bo	32			search
oscillator	2o$o2bo$3bo	32			search
oscillator	2o$o2$4bo	32			search
oscillator	2o$o2$4bo$4bo	32			search
oscillator	2o2$2o$2bo	96			search
oscillator	2o2$2ob2o	32			search
oscillator	2o2$obo$b2o	3912			search
oscillator	2o2$ob2o	168			search
oscillator	2o2$o$2bo	48			search
oscillator	2o$bo$obo	104			search
oscillator	2o$bo$o$2bo	56			search
oscillator	2o$bo$bo$2bo	56			search
oscillator	2o$b2o2$2bo$2bo	56			search
oscillator	2o$bo$2bo	104			search
oscillator	2o$bo$2bo$2bo	56			search
oscillator	2o$bo$2bo2$2bo	104			search
oscillator	2o$bo2$2bo	56			search
oscillator	2o$bo2$2bo$o	56			search
oscillator	2o$bo2bo$4bo	168			search
oscillator	2o2$bo$2bo	48			search
oscillator	2o2$bo2$2bo$bo	32			search
oscillator	2o3$b2o	48			search
oscillator	3o	32			search
oscillator	3o$o	32			search
oscillator	3o$o$o$2bo	3024			search
oscillator	3o$o$o2bo	32			search
oscillator	3o$2o	8			search
oscillator	3o$o$bo	32			search
oscillator	3o$o$b2o	5336			search
oscillator	3o$obo$bo	6392			search
oscillator	3o$o$2bo	152			search
oscillator	3o$o$2bobo	152			search
oscillator	3o$o2bo	32			search
oscillator	3o2$o	32			search
oscillator	3o2$ob2o	168			search
oscillator	3o4$o$o	112			search
oscillator	3o$bo$2o	32			search
oscillator	3o$bo$o$2bo	56			search
oscillator	3o$bo3$obo	72			search
oscillator	3o$b2o	32			search
oscillator	3o$bo2$2bo	56			search
oscillator	3o$bo2bo	168			search
oscillator	3o2$bo3$o	72			search
oscillator	3o2$bo$bo$bo	32			search
oscillator	3o2$b2o	200			search
oscillator	3o2$bo$2bo	48			search
oscillator	3o2$bo2bo$2bo	48			search
oscillator	3o$2bo	32			search
oscillator	3o$2bo2$bo	32			search
oscillator	3o$2b2o$o	224			search
oscillator	3o2$2bo	48			search
oscillator	3o3$2bo	48			search
oscillator	4o	32			search
oscillator	4obo	32			search
oscillator	4o$5b2o	72			search
oscillator	3o$3bo$o	328			search
oscillator	3o$3bo2$b2o	736			search
oscillator	3o3$3bo$3bo	48			search
oscillator	3obo$4bo3$2bo	104			search
oscillator	3o$4bo$3bo	800			search
oscillator	3o$5bo	72			search
oscillator	2o$2bo$b2o	568			search
oscillator	2o$2bo$2b2o	168			search
oscillator	2o2$2bo$2bo$o	232			search
oscillator	2o2$2b2o	168			search
oscillator	2o3$2bo$bo	48			search
oscillator	2o3$2bo$2bo	48			search
oscillator	2obo	32			search
oscillator	2obo$o	32			search
oscillator	2obo$o$o	32			search
oscillator	2obo$o$o3bo	288			search
oscillator	2obo$2o	8			search
oscillator	2obo$o$2bo	152			search
oscillator	2obo$o2bo$o	96			search
oscillator	2obo2$ob2o	672			search
oscillator	2obo2$obobo	256			search
oscillator	2obo2$o2bo	32			search
oscillator	2obo2$o3bo	288			search
oscillator	2obo$bo3bo	168			search
oscillator	2obo$3bo$o	96			search
oscillator	2obo$3b2o	200			search
oscillator	2obo$3bo3b2o	552			search
oscillator	2ob2o	32			search
oscillator	2ob2o$3bo2$3bo	256			search
oscillator	2obo2$4bo	32			search
oscillator	2obobo$bo$o	32			search
oscillator	2obo2b2o$7bo	368			search
oscillator	2o$3bo$3bo$2o	944			search
oscillator	2o$3b2o$o	72			search
oscillator	2o2bo$bobo$bo	32			search
oscillator	2o2bo$bo2bo	2344			search
oscillator	2o2bo$3bo$bo	32			search
oscillator	2o2bo$4bo	104			search
oscillator	2o2bobo$4bo	232			search
oscillator	2o$4bo$2b2o	232			search
oscillator	2o$4bo2$2b2o	2072			search
oscillator	o$bo	16			search
oscillator	o$bo$o$o$2bo	48			search
oscillator	o$bo$o2$2o	3248			search
oscillator	o$bo$2o	32			search
oscillator	o$bo$2o2$2bo	48			search
oscillator	o$bo$o2$b2o	16			search
oscillator	o$bo$o2bo	16			search
oscillator	o$bo2$o3bo$3bo	16			search
oscillator	o$bo3$o	104			search
oscillator	o$bo$bo2$o	104			search
oscillator	o$bo$bo2$o2bo	104			search
oscillator	o$bo2$bo$o	104			search
oscillator	o$bo2$bo2$obo$o	416			search
oscillator	o$bo2$bo2bo	16			search
oscillator	o$b2o	16			search
oscillator	o$b2o$2o	416			search
oscillator	o$b2o3$2o	688			search
oscillator	o$b2o$b2o$3bo	16			search
oscillator	o$b2o2$bo	16			search
oscillator	o$b2o2$bo$o	104			search
oscillator	o$b2obo	56			search
oscillator	o$bo$2bo$b2o	1624			search
oscillator	o$bo$2bo$3bo	16			search
oscillator	o$bo$2bo$3b2o	16			search
oscillator	o$bo3$2bo	16			search
oscillator	o$bobo$o	16			search
oscillator	o$bobo3$b3o	144			search
oscillator	o$bobo$4bo	16			search
oscillator	o$bobo$4bo2$2bobo	144			search
oscillator	o$bobobo$o	56			search
oscillator	o$bo2bo	56			search
oscillator	o2$bo$o$2o	32			search
oscillator	o3$b2o$bo	112			search
oscillator	o3$bobo$ob2o	48			search
oscillator	obo$2o$b2o	10416			search
oscillator	obo$2o$bo$2bo	104			search
oscillator	obo$2o2$2bo	104			search
oscillator	obo$o$bo$2bo	56			search
oscillator	obo$o$2b2o	88			search
oscillator	obo$o2$2bo	56			search
oscillator	obo2$o$b2o	32			search
oscillator	obo2$o2$bo$2bo	48			search
oscillator	obo2$o$3b2o$3bo	184			search
oscillator	obo2$o$4bo$4bo	56			search
oscillator	obo3$3o	32			search
oscillator	obo$bo	16			search
oscillator	obo$bo$o	16			search
oscillator	obo$bo$2o	32			search
oscillator	obo$bo$3o	5088			search
oscillator	obo$bo$obo	72			search
oscillator	obo$bo$o$2bo	432			search
oscillator	obo$bo2$o	16			search
oscillator	obo$bo$bo$o	16			search
oscillator	obo$b2o	32			search
oscillator	obo$b2o$o2bo	736			search
oscillator	obo$b2o$bo	536			search
oscillator	obo$b2o2$2bo	328			search
oscillator	obo$bo$2bo	72			search
oscillator	obo$bo$2bo$o	72			search
oscillator	obo$bo$2bo3$o	688			search
oscillator	obo$bo$2bo$2bo	1624			search
oscillator	obo$bo$2b2o	800			search
oscillator	obo$bo2$2bo	72			search
oscillator	obo$bo2$2bo$3bo	72			search
oscillator	obo$bo3$2bo	16			search
oscillator	obo$bobo$o	248			search
oscillator	obo$bobo$o2bo	1120			search
oscillator	obo$bo2$3bo$4bo	72			search
oscillator	obo$bo2bo2$o	56			search
oscillator	obo2$bo$obo	32			search
oscillator	obo3$b2o	32			search
oscillator	obo3$b2o$bo	112			search
oscillator	obo$2bo$obo	48			search
oscillator	obo$2bo$bo	48			search
oscillator	obo$2bo$b2o	552			search
oscillator	obo$2bo$2bo	32			search
oscillator	obo2$2bo$b2o	56			search
oscillator	ob2o	32			search
oscillator	ob2o$bo2bo	224			search
oscillator	ob2o2$bo2$4bo	48			search
oscillator	ob2o2$2bobo	48			search
oscillator	ob3o	32			search
oscillator	ob3o$bo	32			search
oscillator	ob3o2$bo	48			search
oscillator	ob3o$2bo	32			search
oscillator	ob3o$4bo	328			search
oscillator	ob3o$4bo3$bo	328			search
oscillator	ob4o	736			search
oscillator	ob3o$5bo	224			search
oscillator	ob2o$4bo	32			search
oscillator	ob2obo	32			search
oscillator	ob2obo$2b2o	8			search
oscillator	ob2obo$2bobo	416			search
oscillator	obo$3bo	16			search
oscillator	obobo$bo2$b2o	1120			search
oscillator	obobo$bo2bo	3248			search
oscillator	obobo$3bo	16			search
oscillator	obobo$3bo$o	72			search
oscillator	obobo$3b2o	248			search
oscillator	obobo3$4bo$o	32			search
oscillator	obobo3$4bo$4bo	32			search
oscillator	obob2o	168			search
oscillator	obo2bo$bo2bo	384			search
oscillator	obo$5bo$o2bo$bo	112			search
oscillator	obo$5bo$bobo	56			search
oscillator	o$2bo$2o	56			search
oscillator	o$2bo$2o$2bo	224			search
oscillator	o$2bo$2obo$bo	200			search
oscillator	o$2bo$obo	32			search
oscillator	o$2bo$obo$2bo	224			search
oscillator	o$2bo$ob2o	96			search
oscillator	o$2bo$o2bo	32			search
oscillator	o$2bo$bo$2bo	32			search
oscillator	o$2bo$bo$2bo$2bo	96			search
oscillator	o$2bo2$b2o	32			search
oscillator	o$2bobobo$bo	32			search
oscillator	o2$2bo$2o2$2bo	48			search
oscillator	o2$2b2o2$bobo	48			search
oscillator	o3$2bo$bo	32			search
oscillator	o3$2bo2$b2o	32			search
oscillator	o2bo$o$o	32			search
oscillator	o2bo2$2o2bo	736			search
oscillator	o2bo$bo	16			search
oscillator	o2bo$bo$o	32			search
oscillator	o2bo$bo3$b2o	32			search
oscillator	o2bo$bo$2bo	72			search
oscillator	o2bo$bo$2bo$4bo	72			search
oscillator	o2bo$bo2bo$bo	56			search
oscillator	o2bo$bo3bo$3bo	80			search
oscillator	o2bo$2bo2$o$3bo$2bo	336			search
oscillator	o2bo$2bobo	32			search
oscillator	o2bo$2bo3bo$bobo	736			search
oscillator	o2bo2$2bobo	32			search
oscillator	o2bo$3bo$o2$bo2bo	48			search
oscillator	o2bo$3bo$2bobo	56			search
oscillator	o2bo$3b2o	32			search
oscillator	o2b2o	8			search
oscillator	o2b2o$bo$2o	552			search
oscillator	o2b2o$bo2bo	1448			search
oscillator	o2b2o$4bo	72			search
oscillator	o2b2o$4bo2bo	288			search
oscillator	o2b3o	72			search
oscillator	o2b2o$5bo	56			search
oscillator	o2bo$4bo	32			search
oscillator	o2bo$4bo2$o3bo$o	112			search
oscillator	o2bo4$4bo	8			search
oscillator	o2bobo$5bo2bo	104			search
oscillator	o2bo2bo$3bo2bo	96			search
oscillator	o2bo$6bo	16			search
oscillator	o$3bo$bo2$bobo	48			search
oscillator	o$3bo$b2o	32			search
oscillator	o$3bo$b2o2$3bo	48			search
oscillator	o$3bo$bobo2$3bo	48			search
oscillator	o$3bo$bo$3b2o	32			search
oscillator	o$3bo$bo2bo2$4bo	48			search
oscillator	o$3b2o	32			search
oscillator	o$3b2obo	32			search
oscillator	o2$3bo$o$obo	32			search
oscillator	o2$3b2o$bo2bo$bo	32			search
oscillator	o3bo2$o2bo$4bo	32			search
oscillator	o3bo3$o3bo$o	8			search
oscillator	o3bo$b2o2$4bo	16			search
oscillator	o3bo$b2o2$4bo$3bo	16			search
oscillator	o3bo$b2o2$4bo$4bo	16			search
oscillator	o3bo$bo2bo	688			search
oscillator	o3bo$2b2o$o$2bo	72			search
oscillator	o3bo$2bobo	72			search
oscillator	o3bo$2bobo$4bo	72			search
oscillator	o3bo$3bo$bo3bo$2bo	72			search
oscillator	o3bo$3b2o	72			search
oscillator	o3b3o	72			search
oscillator	o3b5o	288			search
oscillator	o3b2o$7bob2o	1120			search
oscillator	o3bobo$2bo2b2o	224			search
oscillator	o3bobo$5bo	56			search
oscillator	o3bo2b2o$5bo	56			search
oscillator	o$4bo$3bo	32			search
oscillator	o$4bob2o$4bo	32			search
oscillator	o3$4bo$4bo	8			search
oscillator	o4bo$o2bo$bo	32			search
oscillator	o4b2o$3b3o	1960			search
oscillator	o4b2o$4bo	104			search
oscillator	o4bobo$2bobo	104			search
oscillator	o4bobo$2bobo3bo	5656			search
oscillator	o$5bo$bo3bo$2bo	32			search
oscillator	o5bo$4bobo	32			search
oscillator	o5b2o$3b2o	32			search
oscillator	bo$2o$b2o	320			search
oscillator	bo$2o$2bo	200			search
oscillator	bo$2o3$2bo$2bo	32			search
oscillator	bo$2obo$bo	32			search
oscillator	bo$o2$bo$2b2o	48			search
oscillator	bo$o3$b2o$2bo	32			search
oscillator	bo$o2bo$bo	32			search
oscillator	bo$o3bo$4bo	104			search
oscillator	bo$o$4b2o	32			search
oscillator	bo2$obo$bo$bo	32			search
oscillator	bo2$ob2o2$3bo	48			search
oscillator	bo4$o2$2bo$bo	48			search
oscillator	bo$bo$bo$b2o$2bo	6792			search
oscillator	bo$bo$b2o2$2bo$bo	224			search
oscillator	bo$bo$bo$2bo	8			search
oscillator	bo$bo$bo3$2bo	32			search
oscillator	bo$bo$bo5$2bo	32			search
oscillator	bo$bo$bo$3bo$3bo	56			search
oscillator	bo$bo2$bo$2bo	32			search
oscillator	bo$bo2$bo2$2bo	32			search
oscillator	bo$bo3$b2o	32			search
oscillator	bo$bo4$bo2$2bo	32			search
oscillator	bo$b2o$bo	112			search
oscillator	bo$b2o$bo$bo	224			search
oscillator	bo$b2o$b2o$bo	5336			search
oscillator	bo$b2o$bo$2bo	32			search
oscillator	bo$b2o$bo3$2bo	112			search
oscillator	bo$b2o2$bo	32			search
oscillator	bo$b2o$2bo	168			search
oscillator	bo$b2o2$2bo	8			search
oscillator	bo$b2o3$2bo	32			search
oscillator	bo$b2o4$2bo	32			search
oscillator	bo$bo$2bo	56			search
oscillator	bo$bo$2bo$bo	56			search
oscillator	bo$bo$2bo2$2bo	56			search
oscillator	bo$bo$2bo3$2bo	56			search
oscillator	bo$bo$2bo5$2bo	56			search
oscillator	bo$bo$2bo$4bo$3bo	56			search
oscillator	bo$bo2$2bo	8			search
oscillator	bo$bo2$2bo$bo	8			search
oscillator	bo$bo2$2bo$bo$bo	13144			search
oscillator	bo$bo2$2bo$bo$2bo	8			search
oscillator	bo$bo3$2bo	32			search
oscillator	bo$bobo$bo	32			search
oscillator	bo$bobo$bo$bo	96			search
oscillator	bo$bo3bo$4bo	72			search
oscillator	bo2$bo$b2o$bo	224			search
oscillator	bo2$bo$bo2$2bo$2bo	8			search
oscillator	bo2$bo$bo3$2bo	32			search
oscillator	bo2$b2o$bo	32			search
oscillator	bo2$b2o5$2bo	32			search
oscillator	bo2$b3o	48			search
oscillator	bo2$b3o$o2$bo	48			search
oscillator	bo2$b3o$bo	96			search
oscillator	bo2$b3o2$bo	64			search
oscillator	bo2$b3o3$bo	48			search
oscillator	bo2$b3o2$3bo	48			search
oscillator	bo2$b2obo$3bo$3bo	72			search
oscillator	bo3$bo$bo$2bo$bo	48			search
oscillator	bo3$b2o$bo	32			search
oscillator	bo3$bo$2bo	8			search
oscillator	bo3$bo2$2bo$2bo	32			search
oscillator	bo4$b2o$bo2$bo	72			search
oscillator	b2o	8			search
oscillator	b2o$2o$2bo	200			search
oscillator	b2o2$o$bo$o2bo	32			search
oscillator	b2o2$obo2$b2o	32			search
oscillator	b2o2$o$3bo$2bo	32			search
oscillator	b2o3$o2bo$2bo	32			search
oscillator	b2o$bo$2o	32			search
oscillator	b2o$bo$bo	32			search
oscillator	b2o$bo$bo$bo	32			search
oscillator	b2o$bo$bo$b2o	32			search
oscillator	b2o$bo2$bo	32			search
oscillator	b2o$bo2$bo$bo	32			search
oscillator	b2o$bo2$bo$2bo	32			search
oscillator	b2o$bo3$b3o	32			search
oscillator	b2o$b2o$bo	208			search
oscillator	b2o$b2o$b2o	11440			search
oscillator	b2o$b2o$2bo	1952			search
oscillator	b2o$b2o2$2bo	32			search
oscillator	b2o$b2o$3bo$bo	32			search
oscillator	b2o$bo$2bo	56			search
oscillator	b2o$bo3$2bo	32			search
oscillator	b2o$bob2o$3bo	2872			search
oscillator	b2o$bo2bo	72			search
oscillator	b2o$bo2bo$2bobo	200			search
oscillator	b2o$bo2bo$4bo	72			search
oscillator	b2o2$bo$bo	32			search
oscillator	b2o2$b2obo	32			search
oscillator	b2o2$b2o2bo	32			search
oscillator	b2o2$bo2$2bo3$2bo	72			search
oscillator	b2o3$bo	8			search
oscillator	b2o3$bo$o	32			search
oscillator	b2o3$b2o	8			search
oscillator	b2o$2bo$o2bo	64			search
oscillator	b2o$2bo$bo	48			search
oscillator	b2o$2bo$bo$bo3$2bo	88			search
oscillator	b2o$2bo$bo$2bo	48			search
oscillator	b2o$2bo2$bo	32			search
oscillator	b2o$2bo2$b2o	32			search
oscillator	b2o$2bo$2bo2$2bo	536			search
oscillator	b2o$2bo2$2bo	32			search
oscillator	b2o$2bo3$2bo	72			search
oscillator	b2o$2bo3$2b2o	112			search
oscillator	b2o$2b2o$bo	200			search
oscillator	b2o$2b2o2$3bo$2bo	96			search
oscillator	b2o$2bobo$2bo	32			search
oscillator	b2o$2bobobo	432			search
oscillator	b2o$2bo3bo	72			search
oscillator	b2o2$2bo$2bo$2bo	8			search
oscillator	b2o2$2bo5$2bo	32			search
oscillator	b2o2$2b2o	48			search
oscillator	b2o2$2b2o$bo	48			search
oscillator	b2o2$2bo$3bo$2bo	72			search
oscillator	b2o3$2bo	8			search
oscillator	b3o$b2obo	384			search
oscillator	b4o2$bo	48			search
oscillator	b4o3$bo$4bo	32			search
oscillator	b4o$2b2o	8			search
oscillator	b4o$4bo	416			search
oscillator	b3o$4bo	32			search
oscillator	b3o$4bobo	248			search
oscillator	b3o2$4bo$bo	48			search
oscillator	b3o$5b2o	288			search
oscillator	b2o$3bo$2bo	32			search
oscillator	b2o$3bo$2bo$bo	32			search
oscillator	b2o$3bo$3bo$bo2bo	344			search
oscillator	b2o$3bo2$3bo$2bo	416			search
oscillator	b2o$3b2o	16			search
oscillator	b2o$3bobo$5bo$bo	32			search
oscillator	b2o3$3bo$2bo	32			search
oscillator	b2obo2$obo	48			search
oscillator	b2obo$b2o2$bo	32			search
oscillator	b2obo$bobo$3bo	32			search
oscillator	b2obo2$b2o	48			search
oscillator	b2obo$2bo2$3bo	32			search
oscillator	b2obo$3bo	16			search
oscillator	b2obo$3b2o	432			search
oscillator	b2obo$3b2o$3bo	592			search
oscillator	b2obo$3bobo$5bo	112			search
oscillator	b2obo$4bo$4bo	72			search
oscillator	b2obo$8bo	32			search
oscillator	b2o$4bo$bo2bo	16			search
oscillator	b2o$4bo$4bo	16			search
oscillator	b2o$4bo$5bo	16			search
oscillator	b2o2bo$7bo$o2bo	72			search
oscillator	b2o2bo$8bo	16			search
oscillator	b2o$5bo$bo2$5bo	104			search
oscillator	b2o3bo2$3bo$3bo2bo	112			search
oscillator	b2o3bo$4b2o	72			search
oscillator	b2o3bo$4bobo	144			search
oscillator	b2o$7bo$2bo3bo	32			search
oscillator	bo$2bo$o2bo	32			search
oscillator	bo$2bo$bo$bo	48			search
oscillator	bo$2bo$bobo$bo	48			search
oscillator	bo$2bo$bo$3bo$bo	168			search
oscillator	bo$2bo$bo$3bo2$bo	64			search
oscillator	bo$2bo3$bo$bo	72			search
oscillator	bo$2bo$2bo$bo$bo	32			search
oscillator	bo$2bo$2bo2$bo2$2bo	336			search
oscillator	bo$2bo$2bo2$2bo	32			search
oscillator	bo$2bo$2bo3$2bo	32			search
oscillator	bo$2bo2$2bo$o$bo$2bo	2024			search
oscillator	bo$2b2o$bo4bo	56			search
oscillator	bo$2bo2$3bo$bo	72			search
oscillator	bo$2bo2$3bo2$bo	48			search
oscillator	bo$2bobo$2bo2bo	32			search
oscillator	bo$2bobo$5bo	16			search
oscillator	bo$2bo2bo$3bo	56			search
oscillator	bo2$2bo$bo	32			search
oscillator	bo2$2bo$bo$2b2o	96			search
oscillator	bo2$2bo$bobo$3bo	72			search
oscillator	bo2$2b2o$bo	48			search
oscillator	bo2$2b2o$bo$3bo	48			search
oscillator	bo2$2b2o2$bo	64			search
oscillator	bo2$2b2o$2bo$2b2o	224			search
oscillator	bo4$2bo$2bo$2bo	32			search
oscillator	bo4$2bo$2bo3$2bo	72			search
oscillator	bobo$b2o3$4bo	32			search
oscillator	bobo$bo2bo	72			search
oscillator	bobo$bo$4bo	32			search
oscillator	bobo$bo4bo	32			search
oscillator	bobo3$bobo$4bo	32			search
oscillator	bob2o2$bo$3bo$3bo	32			search
oscillator	bob2o2$2bobo$2bo	32			search
oscillator	bob2o2$3bo$o$2bo	32			search
oscillator	bob2o$4bo$bo	168			search
oscillator	bob4o$bo	112			search
oscillator	bobo$4bo$2o	112			search
oscillator	bobo$4bo$3bobo	72			search
oscillator	bobo$4bo$5b2o	16			search
oscillator	bobob2o$4bo$6bo	3248			search
oscillator	bobo$5bo2$bo2bo$5bo	104			search
oscillator	bo$3bo$bo2bo$2bo	48			search
oscillator	bo$3b2o$5bo	16			search
oscillator	bo$3b2obo$6bo	16			search
oscillator	bo$3bo$4bo$3bo	32			search
oscillator	bo2$3bo$bo$3b2o	48			search
oscillator	bo3$3bo2$bo$2bo	56			search
oscillator	bo2bo2$3o	96			search
oscillator	bo2bo2$obo	48			search
oscillator	bo2bo$bo2$bo2bo$bo	32			search
oscillator	bo2bo$bob2o$bo	288			search
oscillator	bo2bo$bo2bo	96			search
oscillator	bo2bo$bo2bo$o	96			search
oscillator	bo2bo$bo2bo$5bo	96			search
oscillator	bo2bo2$b4o	168			search
oscillator	bo2bo2$bo$4bo	16			search
oscillator	bo2bo$2bobo2$bo	72			search
oscillator	bo2bo$2bobo$2bo$bo	152			search
oscillator	bo2bo2$2bo$bo$bo	48			search
oscillator	bo2bo2$2bo$bo$2bo	48			search
oscillator	bo2bo2$2bobo$bo	48			search
oscillator	bo2bo2$2bobo$3bo	160			search
oscillator	bo2bo$3bo$bo2$bo	32			search
oscillator	bo2bo$3bo$bo$5bo$2bo	104			search
oscillator	bo2bo$3bo$2bo$3bo	344			search
oscillator	bo2bo$3b2o2$bo	72			search
oscillator	bo2bo$3bo$4bo$4bo	56			search
oscillator	bo2bo3$3bo$bo3bo	576			search
oscillator	bo2bo3$3b2o$bo3bo	1256			search
oscillator	bo2bo3$3b2o$3bo	112			search
oscillator	bo2bo$4bo$bo2bo	72			search
oscillator	bo2bo$4bo2$bo	72			search
oscillator	bo2bo2$4bo$4bo$bo	32			search
oscillator	bo2bo2$4bo$4bo$3bo	48			search
oscillator	bo2b2o$8bo	256			search
oscillator	bo2bo$5bo$bo2bo	56			search
oscillator	bo2bo3$5bo$4b2o	136			search
oscillator	bo$4bo$b2obo	32			search
oscillator	bo$4bo$bo3bo	16			search
oscillator	bo$4bo$3bobo	72			search
oscillator	bo$4bo$4b2o2$bo3bo	32			search
oscillator	bo$4bo$5bo	16			search
oscillator	bo2$4bo$bo2bo$bo	32			search
oscillator	bo2$4bo$2bobo$bo	32			search
oscillator	bo2$4b2o$4bo$5bo	32			search
oscillator	bo2$4bo$5bo$5bo	16			search
oscillator	bo$5bob2o$7bo	32			search
oscillator	bo4bo$2bo2b2o$6bo	336			search
oscillator	bo4bo$5bo2$6bo	48			search
oscillator	$bo$bo$bo$2bo	56			search
oscillator	$bo$bo3$bo$2bo	8			search
oscillator	$b2o$bo	32			search
oscillator	$b2o$bo$2bo$bo	792			search
oscillator	$b2o2$b2o$2bo	112			search
oscillator	$b2o3$bo$bo$2bo	800			search
oscillator	$b2o3$bo$2bo$2bo	32			search
oscillator	$b2o2$2bo$bo	48			search
oscillator	$b2o2$2bo$2bo	32			search
oscillator	$b2o2$2bobo$3bo	32			search
oscillator	$b3o$bo2bo	176			search
oscillator	$b3o2$b2o$4bo	32			search
oscillator	$b3o$3b2o	64			search
oscillator	$b4o$bo	208			search
oscillator	$b4o$bobo	1072			search
oscillator	$b4o$4bo	112			search
oscillator	$b2obo$bobo	240			search
oscillator	$b2obo$bo2bo	64			search
oscillator	$b2o3bo$bo	32			search
oscillator	$bo$2bo	8			search
oscillator	$bo2$2bo$bo$bo3$2bo	152			search
oscillator	$bo2bo$2b2o	88			search
oscillator	$bo2bobo$2bo	48			search
oscillator	$bo2bobo$2bobo	96			search
oscillator	$bo4bo$2b2o	48			search
oscillator	$bo4bo$2b2o2$2b2o	96			search
oscillator	$bo4bo$2b3o	96			search
oscillator	2bo$2o$b2o	96			search
oscillator	2bo$obo$bo	48			search
oscillator	2bo$bo$o2$2b2o	64			search
oscillator	2bo$bo$b2o2$b2o	688			search
oscillator	2bo$bo3$bo$bo	72			search
oscillator	2bo$b2o$bo	64			search
oscillator	2bo$b2o3$bo$bo	288			search
oscillator	2bo$b2o$2bo$bo	304			search
oscillator	2bo$b2o2$2bo$3bo	32			search
oscillator	2bo$bo$2b2obo	48			search
oscillator	2bo$bo2$2bo$bo$bo	152			search
oscillator	2bo$bobo$bo2bo	120			search
oscillator	2bo$bobo3$3b2o	16			search
oscillator	2bo$bob2o2$3bo	16			search
oscillator	2bo$bobo$4bo	72			search
oscillator	2bo$bo2bo$2bobo	48			search
oscillator	2bo2$bo$bo$2bo	800			search
oscillator	2bo3$bo$bobo$bo$2bo	56			search
oscillator	2bo3$b2o$bo	32			search
oscillator	2bo4$bo$bo$2bo	56			search
oscillator	2bo$2bo$bo	48			search
oscillator	2bo$2bo$bo$b2o3$2bo	88			search
oscillator	2bo$2bo$bo$bo3$2bo	88			search
oscillator	2bo$2bo2$bo$2bo	112			search
oscillator	2bo$2bo3$b2o	72			search
oscillator	2bo$2bo3$bo$2bo$2bo	288			search
oscillator	2bo$2bo$2bo2$bo$bo	32			search
oscillator	2bo$2bo$2bo$2bo$bo	96			search
oscillator	2bo$2bo2$2bo$bo	32			search
oscillator	2bo$2bo2$2bo3$bo2$2bo	32			search
oscillator	2bo$2bo4$2bo2$bo	72			search
oscillator	2bo$2bobo$b2obo	800			search
oscillator	2bo2$2bo$b2o$bo	64			search
oscillator	2bo2$2bo$2bo$bo	48			search
oscillator	2bo3$2bo$bo	8			search
oscillator	2bo3$2bo$bo$b2o$2bo	840			search
oscillator	2bo3$2bo$bo$bo$2bo	88			search
oscillator	2bo3$2bobo$bobo	32			search
oscillator	2b2o$b2o$4bo	152			search
oscillator	2b2o$2bo$4bo$b2o	152			search
oscillator	2b3o$o$3bo	32			search
oscillator	2b3o$bo	32			search
oscillator	2b3o2$bo$2bo$bo	176			search
oscillator	2b3o3$b2o	32			search
oscillator	2b3o2$4bo$2bo$bo	48			search
oscillator	2b2obo2$bo4bo	96			search
oscillator	2b2obo$6bo$bo	160			search
oscillator	2bobo$o2bo$o2$4bo	72			search
oscillator	2bobo$o2bo$bo	72			search
oscillator	2bobo$o2bo$2bo	16			search
oscillator	2bobo$bo$bo$4bo$4bo	56			search
oscillator	2bobo$bobo2$2bo	32			search
oscillator	2bobo$bo2bo$2bo	64			search
oscillator	2bobo$2b2o$bobo	200			search
oscillator	2bobo$3bo$bo2$bo	72			search
oscillator	2bobo$3bo$bo4bo	72			search
oscillator	2bobo$4bo$bo	32			search
oscillator	2bobo$4bo$bo2bo	32			search
oscillator	3bo$2o2$3b2o$2bo	48			search
oscillator	3bo$bo$2bo2$b2obo	32			search
oscillator	3bo$bo2$4bo$2bo$bo	48			search
oscillator	3bo2$3b2o$b2o$3bo	32			search
oscillator	3b2o$bo$o2$bo	32			search
oscillator	3b2o$bo4bo$5bo	72			search
oscillator	3b2o2$b3o	32			search
oscillator	3b2o2$bobo$bo	48			search
oscillator	3b2o4$bo$bo	32			search
oscillator	3b2o$3bo2$2bobo$bo	8			search
oscillator	3b2o$4bo$bo	32			search
oscillator	3bo$4bo$bo$bo	48			search
oscillator	3bo$4bo2$b2o$bo	112			search
oscillator	3bo2$4bo$bobo$bo2bo	96			search
oscillator	3bo2$4bo$2bo$bo2bo	32			search
oscillator	4bo$bobo$bo	32			search
oscillator	4bo$bo2bo$2bo	64			search
oscillator	4bo$bo2bo3$2b2o	32			search
oscillator	4bo$2bobo$bobo	48			search
oscillator	4bo$3bo$bo2$bo	32			search
oscillator	4bo$3bo$bo2bo2$bo	48			search
oscillator	4bo$3bo2$b2o$bo2bo	168			search
oscillator	4bo$3bo3$b3o	72			search
oscillator	4bo2$3bo$bo$2bobo	72			search
oscillator	4bo$4bo$bobo	48			search
oscillator	4bo$4bo$3bo$bobo$3bo	88			search
oscillator	5bo$b2o2bo$4bobo	1952			search
