# The patterns kept for cas under the rule 15,10,13,3,11,14,6,8,7,12,1,4,9,2,5,0:
# a pattern to a line, with tabs in between: what it is (a spaceship, an oscillator or a
# still life), the pattern (run-length encoded, from a corner of the blocks the next step
# rewrites, at the start of the vacuum's cycle), its period, how far it moves in a period,
# a name, and a note. The file is named by the rule's table in hex.
sort	pattern	period	moves	name	note
oscillator	$2o$2o$2o$o	236328			
still life	2b2o$b2o$2o$o	2			
oscillator	$2o$b3o	88			
oscillator	$b5o	14008874			
