# The patterns kept for cas under the rule 15,11,14,3,7,5,9,8,13,6,10,4,12,2,1,0:
# a pattern to a line, with tabs in between: what it is (a spaceship, an oscillator or a
# still life), the pattern (run-length encoded, from a corner of the blocks the next step
# rewrites, at the start of the vacuum's cycle), its period, how far it moves in a period,
# a name, and a note. The file is named by the rule's table in hex.
class	pattern	period	moves	name	note
spaceship	4o$2bobo	12396	4,0		search
spaceship	obo$bo$o2bo	26	2,0		search
spaceship	obo$2bo$2bo$o	26	2,0		search
spaceship	$o$o$2o$2o	7688	4,0		search
spaceship	$o$obo$b2o$2bo	3768	2,0		search
spaceship	b2o$b2o$obo	6300	2,0		search
spaceship	b3o$2o$o	2836	6,0		search
spaceship	b3o$b2obo	3910	2,0		search
spaceship	b3o$3bo$3bo$2bo	12316	4,0		search
spaceship	b2o2bo$bobobo	1374	2,0		search
spaceship	$b2o$bo$2bo$2bo$bo	6108	6,0		search
spaceship	2bo$4o$2bo	17184	6,6		search
oscillator	o	8			search
oscillator	o$o$o2$2o	32			search
oscillator	o$o$2o$o$o	42088			search
oscillator	o$o$obo	24			search
oscillator	o$o$obo$bo	56			search
oscillator	o$o$obo2$bo	32			search
oscillator	o$o$o2$2bo	32			search
oscillator	o$o$o2bo	32			search
oscillator	o$o$o$3bo$4bo	32			search
oscillator	o$o$o3bo	32			search
oscillator	o$2o$o	48			search
oscillator	o$2o$2o	100			search
oscillator	o$2o$obo	48			search
oscillator	o$o2$b2o$o	40			search
oscillator	o$o3bo$3bo	8			search
oscillator	o2$o$bo$2bo	24			search
oscillator	o3$o$o	24			search
oscillator	o3$2o$2bo	16			search
oscillator	2o	4			search
oscillator	2o$o$2o	28			search
oscillator	2o$2o$obo	40			search
oscillator	2o$2o$o2bo	48			search
oscillator	2o$obo$bo	216			search
oscillator	2o$obo$bobo	3664			search
oscillator	2o$o2bo$4bo	16			search
oscillator	2o2$o$2o$o	39832			search
oscillator	2o$bo$o2$2bo	32			search
oscillator	2o$bo$b2o	376			search
oscillator	2o$bo2$bo$2bo	24			search
oscillator	2o$b2o$2o	11784			search
oscillator	2o$b2o$bo	488			search
oscillator	2o$b2o$bo2$o	928			search
oscillator	2o$b2o$2bo	56			search
oscillator	2o$bo$2bo	8			search
oscillator	2o$bobo$4bo	48			search
oscillator	2o2$bo$2o$o	40848			search
oscillator	2o2$bo$2bo$o2bo	20			search
oscillator	2o3$bo$2bo	24			search
oscillator	3o	24			search
oscillator	3o$o	16			search
oscillator	3o$2o	40			search
oscillator	3o$2obo	2152			search
oscillator	3o$o$bo	24			search
oscillator	3o$o2$bo$2bo	5096			search
oscillator	3o$o3bo	24			search
oscillator	3o2$o	32			search
oscillator	3o2$obo	144			search
oscillator	3o$bo	48			search
oscillator	3o$bo$o	144			search
oscillator	3o$bo2$b2o	4392			search
oscillator	3o$bo3$bo	64			search
oscillator	3o$b2o	100			search
oscillator	3o$bo$2bo	48			search
oscillator	3o$bo2$2bo	64			search
oscillator	3o$bobo	42			search
oscillator	3o$bo2bo$2bo	56			search
oscillator	3o2$bo$b2o	1360			search
oscillator	3o3$bo$2o	328			search
oscillator	3o3$b2o	184			search
oscillator	3o3$b2o$o	160			search
oscillator	3o$2bo	16			search
oscillator	3o$2b2o$bo	13512			search
oscillator	3o$2bobo	16			search
oscillator	3o2$2bo	24			search
oscillator	3o2$2bo2$o	24			search
oscillator	3o2$2bo$b2o	2704			search
oscillator	3o2$2bo$2bo	24			search
oscillator	3o3$2bo	32			search
oscillator	3o4$2bo	32			search
oscillator	4o$o	448			search
oscillator	4o$obo	4404			search
oscillator	4o$bo	3472			search
oscillator	4o$bo2bo	43928			search
oscillator	4o2$b2o	6456			search
oscillator	4o$2bo$bo	21680			search
oscillator	4o$2bo3bo	17912			search
oscillator	4o$3b2o	3548			search
oscillator	4o$3bo$4bo	31528			search
oscillator	4obo	768			search
oscillator	3o$3bo	20			search
oscillator	3o$3bo$2bo	56			search
oscillator	3o$3bo$3bo	80			search
oscillator	3obo$obo	26808			search
oscillator	3obo$o3bo	24			search
oscillator	3obo$2bo$4bo	912			search
oscillator	3obo$3bobo	40264			search
oscillator	3obo$4bo	32			search
oscillator	3o$4bo$o	80			search
oscillator	3o$4b2o$o	512			search
oscillator	3o2$4bo	32			search
oscillator	3o2bo	32			search
oscillator	2o$2bo$o	184			search
oscillator	2o$2bo$o$bo	40			search
oscillator	2o$2bo$bo2$o	32			search
oscillator	2o$2bo$bo2$2o	24			search
oscillator	2o$2bo$b2o$bo	368			search
oscillator	2o$2b2o$3bo	16			search
oscillator	2o2$2bo$o$o	32			search
oscillator	2o2$2bo$obo$o	64			search
oscillator	2o2$2bo$o$2bo	24			search
oscillator	2o2$2bo$bo$2bo	24			search
oscillator	2o3$2bo$bo	8			search
oscillator	2obo3$obo$3bo	16			search
oscillator	2obo$b2o	18			search
oscillator	2obo$2bo	20			search
oscillator	2obo$2bo$2b2o	24			search
oscillator	2obo$2bobo	112			search
oscillator	2obo$3bo$obo	10956			search
oscillator	2obo$4bo$2bo$2bo	32			search
oscillator	2o2bo$3bo$3bo	40			search
oscillator	2o3bo$3bo$o2bo	712			search
oscillator	o$bo$o	24			search
oscillator	o$bo$o$o$o	96			search
oscillator	o$bo$2o	20			search
oscillator	o$bo$o2$bo	32			search
oscillator	o$bo$o3bo	24			search
oscillator	o$bo2$o$o$bo$bo	544			search
oscillator	o$bo2$o2$b2o	40			search
oscillator	o$bo$bo$2bo$2bo	72			search
oscillator	o$bo2$bo$2bo	24			search
oscillator	o$b2o$bo	136			search
oscillator	o$b3o$4bo	40			search
oscillator	o$bo$2bo	8			search
oscillator	o$bo$2bo$2bo	4			search
oscillator	o$bo$2bobo$3bo	40			search
oscillator	o$bo2$2bo$bo	8			search
oscillator	o$bobo$o2bo	376			search
oscillator	o$bobo$4bo	24			search
oscillator	o$bo2$3bo$4bo	8			search
oscillator	obo$o$2o2$bo	32			search
oscillator	obo$o$o2$bo	80			search
oscillator	obo$2o2$b2o	3280			search
oscillator	obo$2o2$2bo	24			search
oscillator	obo$o2$bo$2o	320			search
oscillator	obo$o2$b2o	184			search
oscillator	obo$o$2bo$bo$o	64			search
oscillator	obo$o2bo$obo	27136			search
oscillator	obo3$o$2o	24			search
oscillator	obo$bo	24			search
oscillator	obo$bo$b2o	144			search
oscillator	obo$b2o	20			search
oscillator	obo$b2o$obo	21916			search
oscillator	obo$b2o$b2o	104			search
oscillator	obo$b2o$4bo	40			search
oscillator	obo$bo$2bo	24			search
oscillator	obo$bo$2bo$bobo	8			search
oscillator	obo$bo2$2bo	32			search
oscillator	obo$bo2$2bo$2bo	616			search
oscillator	obo$bo2bo	32			search
oscillator	obo$bo$4bo	32			search
oscillator	obo$2bo$2o	64			search
oscillator	obo$2bo$bo	24			search
oscillator	obo$2bo$2bo	16			search
oscillator	obo$2bo$2bo$bo$o	48			search
oscillator	obo$2b2o$bo	56			search
oscillator	obo$2bo$4bo	16			search
oscillator	obo2$2bo$b2o	16			search
oscillator	ob2o$bo2bo	40			search
oscillator	ob2o$bo2bo$2bo	40			search
oscillator	ob2o$2bo$bo	64			search
oscillator	ob2o$2b3o	13688			search
oscillator	ob2o3$3bo$4bo	24			search
oscillator	ob3o	24			search
oscillator	ob3o$bobo	15616			search
oscillator	ob3o$3bo	216			search
oscillator	ob3o$3bo$4bo	408			search
oscillator	obo$3bo$o$bo	40			search
oscillator	obo$3bo$bo	32			search
oscillator	obo$3bo$bobo	64			search
oscillator	obo$3bo$2bobo	16			search
oscillator	obo$3bo$3bo	40			search
oscillator	obo$3b2o$o2bo	3952			search
oscillator	obo$3bo$4bo	24			search
oscillator	obo$3bo$4bo$2bo$bo	24			search
oscillator	obobo$bo$bo	72			search
oscillator	obobo$b2o	64			search
oscillator	obobo$b3o	940			search
oscillator	obobo$bob2o	47040			search
oscillator	obobo$bo2bo	32			search
oscillator	obobo$2bo	24			search
oscillator	obobo$4bo$4bo	128			search
oscillator	obo2bo$bo$4bo	40			search
oscillator	obo2bo$3bo$bo2bo	190			search
oscillator	o$2bo$2o2$o$bo	456			search
oscillator	o$2bo$2o$bo	56			search
oscillator	o$2bo$o$bo	32			search
oscillator	o$2bo2$o3bo$2o	32			search
oscillator	o$2bo$bo$bo$4bo	32			search
oscillator	o2bo$o$o	104			search
oscillator	o2bo$o$2bo2bo	24			search
oscillator	o2bo$b2obo	192			search
oscillator	o2bo$2bo$bo	32			search
oscillator	o2bo$3bo$4bo	16			search
oscillator	o2b2o	24			search
oscillator	o2b2o4$o2bo	88			search
oscillator	o2b2o$bobo$4bo	440			search
oscillator	o2b2o$bo2bo$bo	560			search
oscillator	o2b2o2$b2obo	88			search
oscillator	o2b2o2$2bo2$o	40			search
oscillator	o2b2o$3bo$o	24			search
oscillator	o2b3o	32			search
oscillator	o2bo$4bo$bobo	40			search
oscillator	o2bo$4bo$2b2o	48			search
oscillator	o2bobo$2bo$bo2bo	190			search
oscillator	o$3b2o$2b2o	48			search
oscillator	o3$3bo$4bo	8			search
oscillator	o3bo$2obo$2bo	24			search
oscillator	o3bo$b2o	32			search
oscillator	o3bo$b2o$3bo	48			search
oscillator	o3bo$bobo$2bo	32			search
oscillator	o3bo$2bobo$bo	24			search
oscillator	o3bo3$3bo$o	8			search
oscillator	o$5bo$b2o2bo	24			search
oscillator	bo$o$o2$b2o	32			search
oscillator	bo$o2$o3bo$3bo	24			search
oscillator	bo$2o$bo$2bo	56			search
oscillator	bo$3o$3bo	56			search
oscillator	bo$2o$2bo	8			search
oscillator	bo$o$bo$bo$2bo	40			search
oscillator	bo$obo$bo	128			search
oscillator	bo$obo2$bo$bo	64			search
oscillator	bo$o$2bo$4bo$3bo	56			search
oscillator	bo2$o$obo$b2o	152			search
oscillator	bo2$2o$2bo$bo	24			search
oscillator	bo2$o$bo$b2o	64			search
oscillator	bo2$o$bo$2bo	32			search
oscillator	bo3$3o$bo	72			search
oscillator	bo3$2o$2bo	24			search
oscillator	bo$bo$bo2$obo	32			search
oscillator	bo$bo$bo$b2o$bo	28496			search
oscillator	bo$bo$b2o$2bo$2bo	1768			search
oscillator	bo$bo$bo$2bo	32			search
oscillator	bo$bo$bo3$2bo	32			search
oscillator	bo$bo$bobo2$2bobo	40			search
oscillator	bo$bo$bo2bo$bo2$4bo	128			search
oscillator	bo$b2o3$2o	24			search
oscillator	bo$b2o$bo	48			search
oscillator	bo$b2o$bo$2bo	64			search
oscillator	bo$b2o$bo$2bo$2bo	36464			search
oscillator	bo$b2o2$bo	16			search
oscillator	bo$b2o2$bo$bo	56			search
oscillator	bo$b2o2$b2o$2bo	1992			search
oscillator	bo$b2o4$bo	24			search
oscillator	bo$b2o4$2bo	24			search
oscillator	bo$b2o$3bo$2bo$bo	48			search
oscillator	bo$b2o2$3bo$4bo	32			search
oscillator	bo$b2obo$3bo	24			search
oscillator	bo$bo$2bo	8			search
oscillator	bo$bo$2bo$bo$bo	24			search
oscillator	bo$bo$2bo2bo	16			search
oscillator	bo$bobo$o3bo	16			search
oscillator	bo$bobo$2bobo	16			search
oscillator	bo$bob2o2$4bo$2bo	64			search
oscillator	bo2$bo$2o$2bo	24			search
oscillator	bo2$bo$b2o$bo	48			search
oscillator	bo2$b2obo$3bo$3bo	32			search
oscillator	bo2$bo2bo$2bo$bobo	24			search
oscillator	bo3$b2o$bo	96			search
oscillator	bo3$b2o$2bo$3bo$bo	136			search
oscillator	bo3$b3o$4bo	32			search
oscillator	bo3$bo$2bo	16			search
oscillator	bo3$bo$2b2o	16			search
oscillator	b2o	16			search
oscillator	b2o$o$o	16			search
oscillator	b2o$2o$o	32			search
oscillator	b2o$3o$2bo	7248			search
oscillator	b2o$o$bo	40			search
oscillator	b2o$obo$obo	40680			search
oscillator	b2o$o$2bo$bo	456			search
oscillator	b2o$o2bo$2o	68			search
oscillator	b2o$o2bo$3b2o	1824			search
oscillator	b2o2$o$2bo	24			search
oscillator	b2o$bo	16			search
oscillator	b2o$bo$bo	56			search
oscillator	b2o$bo$bo$bo$2bo	33916			search
oscillator	b2o$bo$bo2$bo	384			search
oscillator	b2o$bo$b2o$bo	3200			search
oscillator	b2o$bo$bo$2bo	832			search
oscillator	b2o$bo$bo3$2bo	360			search
oscillator	b2o$bo$bo2bo	160			search
oscillator	b2o$bo2$bo	16			search
oscillator	b2o$bo2$b2o$3bo	56			search
oscillator	b2o$bo2$bo$2bo	16			search
oscillator	b2o$b2o$bo$2bo	48520			search
oscillator	b2o$b2o4$2bo	112			search
oscillator	b2o$b2obo3$4bo	232			search
oscillator	b2o$bo$2bo	16			search
oscillator	b2o$bo2$2bo	24			search
oscillator	b2o$bo$3bo$2bo	32			search
oscillator	b2o$bo2bo	24			search
oscillator	b2o$bo2bo$2bo	24			search
oscillator	b2o$bo2bo$3bo	64			search
oscillator	b2o$bo3bo$bo	88			search
oscillator	b2o2$bo$o$bo	64			search
oscillator	b2o2$bo$bo$bo	56			search
oscillator	b2o3$bo	24			search
oscillator	b2o3$b2o	24			search
oscillator	b2o$2bo	16			search
oscillator	b2o$2bo$bo	16			search
oscillator	b2o$2bo$bo$bo	16			search
oscillator	b2o$2bo$bo3$bo	16			search
oscillator	b2o$2bo$b2o$bo	19720			search
oscillator	b2o$2bo2$bo	24			search
oscillator	b2o$2bo$2bo$bo2$2bo	7984			search
oscillator	b2o$2bo$2bo2$2bo	384			search
oscillator	b2o$2bo2$2bo	16			search
oscillator	b2o$2b2o2$bo$2bo	96			search
oscillator	b2o$2b3o$3bo	32384			search
oscillator	b2o$2b2o$4bo	64			search
oscillator	b2o$2bo$3b2o$4bo	128			search
oscillator	b2o$2bobo	24			search
oscillator	b2o$2bobo$3bo	24			search
oscillator	b2o$2bobo$4b2o	32			search
oscillator	b2o$2bo2bo$bobo	328			search
oscillator	b2o$2bo2bo$4bo	216			search
oscillator	b2o2$2bobo$3bo	40			search
oscillator	b2o3$2bo$bo	24			search
oscillator	b2o3$2bo$2bo	24			search
oscillator	b2o3$2bo$2b2o	24			search
oscillator	b3o$bo2$3bo$4bo	96			search
oscillator	b3o$bo2bo$bo	38240			search
oscillator	b3o2$bob2o	696			search
oscillator	b3o$2bobo	976			search
oscillator	b3o$2bo$4bo	64			search
oscillator	b3o$3bo$2bobo	24			search
oscillator	b4o	160			search
oscillator	b4o$bo	408			search
oscillator	b4o$bo4$bo	344			search
oscillator	b4o$2bo	1168			search
oscillator	b4o$2b2o	3752			search
oscillator	b4o$2bo3$3bo	2248			search
oscillator	b4o$2bobo	35164			search
oscillator	b4o$3b2o	32864			search
oscillator	b4o$4bo	408			search
oscillator	b4o$4bo$bo	408			search
oscillator	b3o$4bo$bo2bo	88			search
oscillator	b3o$4bo$2bo	360			search
oscillator	b3o2$4bo$2bo	80			search
oscillator	b3o2bo$3b2o	29776			search
oscillator	b2o$3bo$bo$2bo	456			search
oscillator	b2o$3bo2$b2o	728			search
oscillator	b2o$3bo$2bo2bo	64			search
oscillator	b2o$3b2o	16			search
oscillator	b2o$3b2o2$bo	112			search
oscillator	b2o$3b2o$2bo	48			search
oscillator	b2o$3b2o$3bo	120			search
oscillator	b2o$3b2o$4bo	40			search
oscillator	b2o$3bo$4bo	32			search
oscillator	b2o$3bo$4bo$4bo	40			search
oscillator	b2o$3bobo$4bo2$2bo	72			search
oscillator	b2o$3bo$5bo$4bo	40			search
oscillator	b2o2$3b2o	32			search
oscillator	b2obo$bobo	344			search
oscillator	b2obo$bo2bo	24			search
oscillator	b2obo$2b2o	1228			search
oscillator	b2obo$2bobo	152			search
oscillator	b2obo$3bo	48			search
oscillator	b2obo$3bo$3bo	32			search
oscillator	b2obo$3b2o	136			search
oscillator	b2obo$3bo$4bo	48			search
oscillator	b2obo$4bo	24			search
oscillator	b2obo$4bo$2bo2$3bo	56			search
oscillator	b2ob3o$5bo	3760			search
oscillator	b2o$4bo	24			search
oscillator	b2o$4bo$o2bo	80			search
oscillator	b2o$4bo2$bo	24			search
oscillator	b2o$4bo2$2bo$2bo	48			search
oscillator	b2o$4bo$3bo	32			search
oscillator	b2o$4bo$3bo2$bo	40			search
oscillator	b2o$4bo$3bo$2b2o	32			search
oscillator	b2o$4bo$3bo$3bo	40			search
oscillator	b2o$4bo$4bo	32			search
oscillator	b2o$4b2o$3bo	40			search
oscillator	b2o2$4b2o2$2bo	16			search
oscillator	b2o3bo$4bo$4bobo	192			search
oscillator	bo$2bo$bobo$2bo$bo	384			search
oscillator	bo$2bo$bo2bo$bo$bo	32			search
oscillator	bo$2bo$3bo$bo$bo	72			search
oscillator	bo$2bo$3bo$bo$2bo	48			search
oscillator	bo2$2bo$2o$2bo	24			search
oscillator	bo2$2bo$bo$bo$bo	40			search
oscillator	bo2$2bo$b2o$bo	168			search
oscillator	bo2$2bo$b2o$bo$bo	200			search
oscillator	bo2$2bo$bo$2b2o	16			search
oscillator	bo2$2bo$bobo$3bo	64			search
oscillator	bo2$2bo$2b2o$bo	8			search
oscillator	bo2$2b2o$bo$bo$bo	32			search
oscillator	bo2$2bo$3bo$4bo	8			search
oscillator	bo2$2bobo$bo$bo	40			search
oscillator	bo3$2bo$bo	8			search
oscillator	bo3$2bo$bo$bo	8			search
oscillator	bobo$2o2bo$2bo	64			search
oscillator	bobo$bo2bo$bo	32			search
oscillator	bobo$bo2bo$b2o	2400			search
oscillator	bobo$bo$4bo$2bo$bo	680			search
oscillator	bobo$bo3$4bo	16			search
oscillator	bobo$bo3bo$3bo	24			search
oscillator	bobo$2b2o$4bo	24			search
oscillator	bobo$2bobo$2bo	48			search
oscillator	bobo$2bob2o$bo	112			search
oscillator	bobo$2bo$4bo	32			search
oscillator	bobo$2bo2$4bo$2bo	32			search
oscillator	bobo2$2bo$2bo$4bo	40			search
oscillator	bobo$3b2o$bo	24			search
oscillator	bobo$3b2o$2bo	80			search
oscillator	bobo$3bo$4bo	24			search
oscillator	bob2o$bo	24			search
oscillator	bob2o$b3o	3966			search
oscillator	bob2o$bo$2bo2$2bo	64			search
oscillator	bob2o$bobo	152			search
oscillator	bob2o$bo2bo$4bo	56			search
oscillator	bob2o$2bo	48			search
oscillator	bob2o$2bo3$bo	48			search
oscillator	bob2o$2bo3$2bo	56			search
oscillator	bob2o$2b2o	5360			search
oscillator	bob2o$2bo$3bo	40			search
oscillator	bob2o2$2bo$2bo	32			search
oscillator	bob2o2$2bo$2bobo	184			search
oscillator	bob2o2$2b2o3$4bo	24			search
oscillator	bob2o$3bo$4bo	48			search
oscillator	bob2o2$3bo$b2o	48			search
oscillator	bo$3b2o$bo	24			search
oscillator	bo$3b2o$bo$4bo$2bo	152			search
oscillator	bo$3b2o3$bo	32			search
oscillator	bo$3b2o$2bo	40			search
oscillator	bo$3b2o$2bo2$3bo	96			search
oscillator	bo$3b2o2$4bo$2bo	72			search
oscillator	bo2$3bo$3bo$4bo	8			search
oscillator	bo2$3b2o$bobo$4bo	48			search
oscillator	bo2bo$obo$3bo	40			search
oscillator	bo2bo$bo$bo	32			search
oscillator	bo2bo$bo$bo2$bo	32			search
oscillator	bo2bo$bo$bo2$2bo	56			search
oscillator	bo2bo$bo$bobo	56			search
oscillator	bo2bo$bo$bo2bo2$3bo	48			search
oscillator	bo2bo$b2o	24			search
oscillator	bo2bo$b2o$bo2$4bo	952			search
oscillator	bo2bo$2bo$bobo	24			search
oscillator	bo2bo$2bo$3bo	24			search
oscillator	bo2bo2$2bo$bo$bo	32			search
oscillator	bo2bo2$2bo$b2o2$3bo	32			search
oscillator	bo2bo2$2b2o$2bo	8			search
oscillator	bo2bo$3bo$bobo	48			search
oscillator	bo2bo$3bo$2bo	24			search
oscillator	bo2bo$3bo$2b2o	56			search
oscillator	bo2bo$3bo$3bo	32			search
oscillator	bo2bo$3bo2$3bo$3bo	56			search
oscillator	bo2bo$3b2o$bo	24			search
oscillator	bo2bo$3b2o$2bo	40			search
oscillator	bo2bo$3b2o$3bo	296			search
oscillator	bo2bo$3bo$4bo$3bo$3bo	112			search
oscillator	bo$4bo$bobo$3bo	16			search
oscillator	bo2$4bo$b2o	24			search
oscillator	bo2$4bo$bo2bo$bo	40			search
oscillator	bo2$4bo$bo2bo$bo$2bo	80			search
oscillator	bo2$4bo$2bo$bobo	24			search
oscillator	bo2$4bo$2bo$3bo	24			search
oscillator	bo2$4bo$2bo2$3bo	32			search
oscillator	$bo$bo$bo2bo$2bo	32			search
oscillator	$b2o$bo	32			search
oscillator	$b2o$bo$2bo$4bo	64			search
oscillator	$b3o$bo2bo	48			search
oscillator	$b3o$2bo$2bo$4bo	160			search
oscillator	$b3o2$2bobo$bo	912			search
oscillator	$b4o$bo	344			search
oscillator	$b4o$bobo	3040			search
oscillator	$b4o$2b2o	22072			search
oscillator	$b4o$2bobo	64			search
oscillator	$b4o$2bo2$4bo	1184			search
oscillator	$b3o$4bo	24			search
oscillator	$b3o$4bo2$2b2o	32			search
oscillator	$b2obo$bobo	48			search
oscillator	$b2obo$bo$4bo$4bo	96			search
oscillator	$b2obo$3bo2$2bo	96			search
oscillator	$b2o2b2o$bo	464			search
oscillator	$bo$2bo	8			search
oscillator	$bo$2bo$bo2bo$3bo	40			search
oscillator	$bo$2bo$2bobo$3bo	24			search
oscillator	$bo$2bobo2$2b2o	16			search
oscillator	$bo$2bo$4bo$3bo	40			search
oscillator	$bobo2$2b2o$4bo	16			search
oscillator	$bobo$4bo$2bo$bo2bo	40			search
oscillator	$bo2bo$2b2o	8			search
oscillator	$bo2bo$2b2o2$bobo	24			search
oscillator	2bo$obo$bo	16			search
oscillator	2bo$obo$bo$bo$bo	48			search
oscillator	2bo$bo$bo$bo$4bo	40			search
oscillator	2bo$bo$bo3$bo	32			search
oscillator	2bo$bo2$bobo$bo	32			search
oscillator	2bo$b2o$bo	48			search
oscillator	2bo$b2o$bo$bo	64			search
oscillator	2bo$b2o$bo3$bo	168			search
oscillator	2bo$b2o$bo2bo	48			search
oscillator	2bo$b2o$bo2b2o	48			search
oscillator	2bo$b2o2$bo	16			search
oscillator	2bo$b2o4$bo	24			search
oscillator	2bo$b2o2$2bo$2bo	56			search
oscillator	2bo$b3o$4bo	48			search
oscillator	2bo$b2o$4b2o	16			search
oscillator	2bo$bobo$4bo	24			search
oscillator	2bo$bobo$4b2o	32			search
oscillator	2bo$bo2bo$2bo$3bo$3bo	344			search
oscillator	2bo$bo2bo$3bo$3bo	40			search
oscillator	2bo2$bo$bo$bo	32			search
oscillator	2bo2$bo$b2o$bo	168			search
oscillator	2bo2$bo$bobo$4bo	24			search
oscillator	2bo2$bobo$bo2bo$bo	32			search
oscillator	2bo$2bo$bo	8			search
oscillator	2bo$2bo$bo$3bo$bo	56			search
oscillator	2bo$2bobo$bobo	16			search
oscillator	2bo3$2bo$bo	16			search
oscillator	2bo3$2bobo$bobo	16			search
oscillator	2b2o$bo$2bobo	16			search
oscillator	2b2o2$2bo2$4bo$b2o	40			search
oscillator	2b2o$3bo$bo2bo$3bo	32			search
oscillator	2b3o$bo$2bobo	928			search
oscillator	2b3o2$b2o	32			search
oscillator	2b3o2$bo2bo	32			search
oscillator	2b3o3$bo2bo$2bo	32			search
oscillator	2b3o$3bo$bo2$3bo	80			search
oscillator	2b3o$3b2o3$bo	160			search
oscillator	2bobo$o2bo$4bo	56			search
oscillator	2bobo$bobo$4bo	16			search
oscillator	2bobo$2bo$bo	24			search
oscillator	2bobo$2bo$bo$2bo$bo	112			search
oscillator	2bobo$2b2o$bo	24			search
oscillator	2bobo$2b2o2$b2o	376			search
oscillator	2bobo$2b2o2$bo2$2bo	24			search
oscillator	2bobo$3bo$bo	32			search
oscillator	2bobo$3bo2$bo$2bo$3bo	40			search
oscillator	2bobo$4bo$bobo$bo	80			search
oscillator	2bobo$4bo$bobo$3bo	56			search
oscillator	2bobo$4bo2$3bo2$bo	24			search
oscillator	2bo$4bo$2o$bo$2bo	16			search
oscillator	3bo$bo$bo$4bo2$bo	48			search
oscillator	3bo$bo2$bobo$4bo	40			search
oscillator	3bo$b2o2$2b2o$4bo	80			search
oscillator	3bo$b2obo2$bo$4bo	144			search
oscillator	3bo$b2obo2$2bo$4bo	104			search
oscillator	3bo$b2o$4bo	24			search
oscillator	3bo$bobo$4bo	16			search
oscillator	3bo$bo2bo$2bo	32			search
oscillator	3bo2$bo$bo2bo$3bo	8			search
oscillator	3bo2$bo$3bo$4bo	32			search
oscillator	3bo3$bobo$4bo	16			search
oscillator	3bo$2bobo$bo	24			search
oscillator	3bo$2bobo$bo$bo	24			search
oscillator	3b2o$b2o3$4bo$2bo	144			search
oscillator	3b2o$bo2bo$3bo$2bo	80			search
oscillator	3b2o3$bobo$4bo	24			search
oscillator	3b2o$2bo$bo	32			search
oscillator	3b2o$2b2o$bo	64			search
oscillator	3b2o2$2bo$4bo$bobo	200			search
oscillator	3bo$4bo$3bo$2bo$bo	32			search
oscillator	4bo$b2obo2$bo$3bo	64			search
oscillator	4bo$b2o$4bo	24			search
oscillator	4bo$bobo$2b2o	24			search
oscillator	4bo$bo2bo$4bo$4bo$bo	72			search
oscillator	4bo2$bo$bobo$4bo	24			search
oscillator	4bo$2bobo$bo	16			search
oscillator	4bo$4bo$2bo$b2o$2bo	64			search
oscillator	4bo$4bo$3bo$bo$2bo	24			search
oscillator	4bo$4bo$3bo$bobo$3bo	24			search
still life	2o$o	2			search
still life	o$bo	2			search
still life	o$bo$2bo$3bo	2			search
