# The patterns kept for cas under the rule 15,11,14,10,7,3,6,8,13,9,12,4,5,2,1,0:
# a pattern to a line, with tabs in between: what it is (a spaceship, an oscillator or a
# still life), the pattern (run-length encoded, from a corner of the blocks the next step
# rewrites, at the start of the vacuum's cycle), its period, how far it moves in a period,
# a name, and a note. The file is named by the rule's table in hex.
sort	pattern	period	moves	name	note
spaceship	o$2bo$2bo$o	24	2,2		search
spaceship	o2bo$bo$2bo	88	4,0		search
spaceship	o2b2o$bo	56	4,0		search
spaceship	$o$o2bo$b2o	298	6,0		search
spaceship	bo$o$o$bo	122	2,0		search
spaceship	b4o$2bobo	302	2,0		search
spaceship	b2o3bo$4bo	736	4,0		search
spaceship	$bo2$o2$bo$bo	96	4,0		search
spaceship	$bo$2bo$o2bo$o	316	2,2		search
oscillator	o	8			search
oscillator	o$o$o	32			search
oscillator	o$o$o$o$o	696			search
oscillator	o$o$2o	32			search
oscillator	o$o$o$bo	8			search
oscillator	o$o$o$bo$2o	8			search
oscillator	o$o2$o$o	72			search
oscillator	o$2o$2bo2$2bo$2bo	688			search
oscillator	o$o$bo$o$o	56			search
oscillator	o$o$bo$bo$bo	224			search
oscillator	o$o2$bo$2o	56			search
oscillator	o$obo$o	32			search
oscillator	o$o2bo$2bob2o	224			search
oscillator	o$o2b2o$o	112			search
oscillator	o2$o$o$o	72			search
oscillator	o2$2o$o$o	792			search
oscillator	o3$2o$bo$bo$o	48			search
oscillator	2o	8			search
oscillator	2o$o$2o	392			search
oscillator	2o$3o	56			search
oscillator	2o$2o$2bo	200			search
oscillator	2o$2ob2o	6876			search
oscillator	2o$obo$o	384			search
oscillator	2o$obo$2bo	152			search
oscillator	2o2$o$2o$o	6152			search
oscillator	2o2$2o$b2o	4888			search
oscillator	2o2$o$b2o	152			search
oscillator	2o2$obo	32			search
oscillator	2o2$obo2$b2o	56			search
oscillator	2o3$o$obo	72			search
oscillator	2o$b2o	280			search
oscillator	2o$b2o$bo	536			search
oscillator	2o$b2o$b2o	712			search
oscillator	2o$b2o$2bo	56			search
oscillator	2o$b2o$2bo$bo	192			search
oscillator	2o$bo$2bo2$obo	104			search
oscillator	2o2$bo$o$o	56			search
oscillator	2o3$bo$2o	72			search
oscillator	3o	32			search
oscillator	3o$o	248			search
oscillator	3o$o$obo	2382			search
oscillator	3o$2o	8			search
oscillator	3o$3o	48			search
oscillator	3o$obo	856			search
oscillator	3o$obo$2bo	13016			search
oscillator	3o2$obo	56			search
oscillator	3o$bo$bo$2bo	39152			search
oscillator	3o$b2o	592			search
oscillator	3o$b2o$bo	1112			search
oscillator	3o$bo$2b2o	1096			search
oscillator	3o2$bo$b2o	1672			search
oscillator	3o2$bo$2bo	288			search
oscillator	3o3$bo$bo	104			search
oscillator	3o3$bo$2bo$2bo	688			search
oscillator	3o$2bo	32			search
oscillator	3o$2bo$2bo	224			search
oscillator	3o2$2bo$2bo	72			search
oscillator	3o2$2bo$2bo$bo	688			search
oscillator	4o	32			search
oscillator	5o	960			search
oscillator	4obo	960			search
oscillator	3o$3bo	48			search
oscillator	3obo2$obo	56			search
oscillator	3obo$2b2o	1240			search
oscillator	3ob2o	72			search
oscillator	3o2bo	72			search
oscillator	3o2bo$5bo	72			search
oscillator	3o2b2o	336			search
oscillator	2o$2bo$o$bo	96			search
oscillator	2o$2bo$ob2o	56			search
oscillator	2o$2bo2$b2o	288			search
oscillator	2o$2bo$2bo	56			search
oscillator	2o$2bo$2bo$2bo	112			search
oscillator	2o$2bo$2bo$2bo2$bo	112			search
oscillator	2o$2b3o	96			search
oscillator	2o2$2bo$bo$2bo	104			search
oscillator	2o2$2bo$2bo$2bo$o	224			search
oscillator	2ob2o	72			search
oscillator	2ob2o$obo	568			search
oscillator	2ob2o$2bo$4bo	56			search
oscillator	2ob2o2$4bo	72			search
oscillator	2ob3o	72			search
oscillator	2ob3o$2bo	56			search
oscillator	2o$3b2o	48			search
oscillator	2o$3b2o3$2bobo	168			search
oscillator	2o$3b4o	96			search
oscillator	2o$3bo$4bo2$o3bo	72			search
oscillator	2o2bo$bobo$4bo	5424			search
oscillator	2o2bo$2bo	72			search
oscillator	2o2bo$3b2o	48			search
oscillator	2o2bo$3b2o$3bo	200			search
oscillator	2o2b3o$2bo	288			search
oscillator	2o$4bo$2obo	96			search
oscillator	o$bo	4			search
oscillator	o$bo$o$o$o	712			search
oscillator	o$bo$2o	8			search
oscillator	o$bo$2o2$bo	32			search
oscillator	o$bo2$o$o	800			search
oscillator	o$bo$bo	8			search
oscillator	o$bo$bo$bo$2b2o	16			search
oscillator	o$bo$b2obo$3bo	5784			search
oscillator	o$b2o	48			search
oscillator	o$b2o$o	48			search
oscillator	o$b2o$2o	56			search
oscillator	o$b2o$o$bo	616			search
oscillator	o$b2o$o3$bo	160			search
oscillator	o$b2o$obo	104			search
oscillator	o$b2o$bo	56			search
oscillator	o$b2o$b2o$3bo	592			search
oscillator	o$b2o$bobo	56			search
oscillator	o$b2o2$bo2$bo	160			search
oscillator	o$b2o4$bo	160			search
oscillator	o$b2o$2bo	104			search
oscillator	o$bo$2b2obo	808			search
oscillator	o$bobo$o2bo	72			search
oscillator	o2$bo$o$o	56			search
oscillator	o2$bo$o$obo	56			search
oscillator	o2$bo3$2o$o	96			search
oscillator	o2$bo$b2o	32			search
oscillator	o2$b2o$o$o	232			search
oscillator	o2$b2o$b2o$2bo	96			search
oscillator	obo$o$obo	48			search
oscillator	obo$o3$obo	72			search
oscillator	obo$o$bo$b2o	416			search
oscillator	obo$o$bo2bo	96			search
oscillator	obo$o2$b2o	104			search
oscillator	obo$obo$o	96			search
oscillator	obo$o2bo$bo	96			search
oscillator	obo$o2bo$3b2o	56			search
oscillator	obo$o3bo$2bobo	104			search
oscillator	obo2$3o	48			search
oscillator	obo3$o$obo	72			search
oscillator	obo$bo$obo	72			search
oscillator	obo$bo2$o	48			search
oscillator	obo$bo2$bo$2bo	1232			search
oscillator	obo$b2o	48			search
oscillator	obo$b2o$bo	56			search
oscillator	obo$b2o$bo$bo	2184			search
oscillator	obo$b2o2$b2o	6312			search
oscillator	obo$b2o$2bo	104			search
oscillator	obo$bo$2bo$2bo	288			search
oscillator	obo2$bo$obo	96			search
oscillator	obo2$bo2$2o	72			search
oscillator	obo2$bo$b2o	288			search
oscillator	obo2$b2o	48			search
oscillator	obo3$bo$2bo$2bo	104			search
oscillator	obo$2bo$b2o	104			search
oscillator	obo$2bo$b2o$2bo	416			search
oscillator	obo2$2bo$2bo$bo	56			search
oscillator	obo3$2bo$2o	56			search
oscillator	ob2o2$2bobo	56			search
oscillator	ob3o	72			search
oscillator	ob3o$3b2o	944			search
oscillator	ob4o	696			search
oscillator	obo$3bo$b2o	616			search
oscillator	obo$3bo$2b2o	8			search
oscillator	obo$4bo$b2o	96			search
oscillator	o$2b2o$2bobo	112			search
oscillator	o2bo$bo$o	48			search
oscillator	o2bo$2bo2$b2o$bo	96			search
oscillator	o2b2o	72			search
oscillator	o2b2o$obo$4bo	56			search
oscillator	o2b2o$2bo$o3bo	56			search
oscillator	o2b2o$2bo2bo	236			search
oscillator	o2b2o$4bo	72			search
oscillator	o2b2o$4bo$o	72			search
oscillator	o2b3o	72			search
oscillator	o2b4o	288			search
oscillator	o$3bo$2obo	288			search
oscillator	o$3bo$o3b2o	56			search
oscillator	o3bo$2bo$o2$b2o	144			search
oscillator	o3bo$3b2o$2o	288			search
oscillator	o3bo$5bo$2b2obo	4120			search
oscillator	bo$o$o$b2o$2bo	5104			search
oscillator	bo$3o$bo	168			search
oscillator	bo$2o$2bo	16			search
oscillator	bo$o2b2o$bo	800			search
oscillator	bo2$o$bo$b2o	56			search
oscillator	bo$bo$b2o$bo2$bo	1240			search
oscillator	bo$bo$bo$2bo	32			search
oscillator	bo$bo$bo$2bo2$2bo	72			search
oscillator	bo$bo$bobo2$2bo	32			search
oscillator	bo$bo2$b2o$bo	168			search
oscillator	bo$bo2$bo$2bo	104			search
oscillator	bo$bo2$bo$2b2o	104			search
oscillator	bo$b2o$o	32			search
oscillator	bo$b2o$bo	32			search
oscillator	bo$b2o$bo$bo	32			search
oscillator	bo$b2o$bo$bo$2bo	416			search
oscillator	bo$b2o$bo$2bo	32			search
oscillator	bo$b2o$bo$2bo$bo	224			search
oscillator	bo$b2o$bobo	32			search
oscillator	bo$b2o2$bo$2bo	416			search
oscillator	bo$b2o2$2bo	32			search
oscillator	bo$b2o2$2bo$bo	224			search
oscillator	bo$b2o2$2bo2$bo	144			search
oscillator	bo$b2o2$2bo$2bo3$2bo	2296			search
oscillator	bo$b2o2$2bo2$2bo	144			search
oscillator	bo$b2o4$2bo	72			search
oscillator	bo$b3o$bo	32			search
oscillator	bo$b2o$4bo3$3bo	96			search
oscillator	bo$b2o$4b2o	72			search
oscillator	bo$bo$2bo	16			search
oscillator	bo$bo$2bo2$obo	72			search
oscillator	bo$bo$2bo$bo	32			search
oscillator	bo$bo$2bo$b2o$bo	1656			search
oscillator	bo$bo$2bo$2bo$bo	112			search
oscillator	bo$bo$2bo$2bo$b2o	680			search
oscillator	bo$bo$2bo2$2b2o	72			search
oscillator	bo$bo$2b2o	16			search
oscillator	bo$bo2$2bo$bo	56			search
oscillator	bo$bo2$2bo$bo$bo	56			search
oscillator	bo$bo2$2bo$b2o	200			search
oscillator	bo$bobo$2bobo	72			search
oscillator	bo$bo2bo$2b2o	144			search
oscillator	bo$bo2bo$2bo2bo	56			search
oscillator	bo$bo2b2o$2bo	56			search
oscillator	bo2$bo$bo$bo$2bo2$2bo	768			search
oscillator	bo2$bo$bo$2bo	104			search
oscillator	bo2$bo$bo$2bo$2bo$bo	728			search
oscillator	bo2$bo$bo2$2bo	32			search
oscillator	bo2$b2o2$2bo$bo2$2bo	288			search
oscillator	bo2$bo$2bo$bo	56			search
oscillator	bo2$bo2bo2$bo$3bo	136			search
oscillator	bo2$bo2bo3$3bo	24			search
oscillator	bo3$bo$bo$bo$2bo$bo	480			search
oscillator	bo3$bo$b2o	72			search
oscillator	bo3$b2o$bo	168			search
oscillator	bo3$b2o$bo2$2bo$bo	232			search
oscillator	bo3$b2o$2bo	48			search
oscillator	bo3$bo$2bo	104			search
oscillator	bo3$bo$2bo3$bo	816			search
oscillator	bo3$bo$2bo$2bo2$bo	816			search
oscillator	bo3$bo$2bo2$2bo$bo	816			search
oscillator	b2o	32			search
oscillator	b2o$2o$b2o	3320			search
oscillator	b2o$3o$bo	8728			search
oscillator	b2o$o$bo$2bo	800			search
oscillator	b2o$obo2$2bo	800			search
oscillator	b2o2$2o	56			search
oscillator	b2o$bo$obo	112			search
oscillator	b2o$bo$bo	32			search
oscillator	b2o$bo$bo2$b2o	4048			search
oscillator	b2o$bo$b2o$bo	8664			search
oscillator	b2o$bo$bo$2bo$2bo	224			search
oscillator	b2o$bo2$bo$bo	104			search
oscillator	b2o$bo2$b2o	192			search
oscillator	b2o$bo2$bo$2bo	688			search
oscillator	b2o$bo3$b3o	336			search
oscillator	b2o$b2o	32			search
oscillator	b2o$b2o$b2o	32			search
oscillator	b2o$b2o2$bo$bo	18984			search
oscillator	b2o$b2o$2bo	32			search
oscillator	b2o$b2o$2bo$bo	2904			search
oscillator	b2o$b3o3$4bo	544			search
oscillator	b2o$b2obo	96			search
oscillator	b2o$bo$2bo	32			search
oscillator	b2o$bo$2bo$bo	136			search
oscillator	b2o$bo$2bo$bo$bo	832			search
oscillator	b2o$bo$2bo3$bo	416			search
oscillator	b2o$bo$2bo$2bo	80			search
oscillator	b2o$bo$2bo$2bo$bo	2256			search
oscillator	b2o$bo$2b3o	14432			search
oscillator	b2o$bo2$2bo	72			search
oscillator	b2o$bo2$2bo$bo	688			search
oscillator	b2o$bo2$2b2o$3bo	288			search
oscillator	b2o$bobo2$2bo	152			search
oscillator	b2o$bob2o$4bo	88			search
oscillator	b2o$bo$3b3o	616			search
oscillator	b2o$bo2bo	48			search
oscillator	b2o$bo2bo$2bobo	176			search
oscillator	b2o$bo2bo2$2bo	112			search
oscillator	b2o2$bo$bo$bo	104			search
oscillator	b2o2$b2o$bo$2bo	6976			search
oscillator	b2o2$bo$2bo	72			search
oscillator	b2o2$bo$2bo2$bo	288			search
oscillator	b2o2$bo2bo$bo$4bo	800			search
oscillator	b2o3$bo$obo	688			search
oscillator	b2o3$bo$bo	104			search
oscillator	b2o3$bo$bo$bo	104			search
oscillator	b2o3$b2o	96			search
oscillator	b2o3$bo$2bo$bo	688			search
oscillator	b2o3$bo2$4bo	80			search
oscillator	b2o$2bo$o2b2o	232			search
oscillator	b2o$2bo$bo	32			search
oscillator	b2o$2bo$bo3$bo	224			search
oscillator	b2o$2bo$b2o	32			search
oscillator	b2o$2bo2$bo	72			search
oscillator	b2o$2bo2$bo$2bo	688			search
oscillator	b2o$2bo2$bo2$4bo	80			search
oscillator	b2o$2bo$2bo2$b2o	4048			search
oscillator	b2o$2bo2$2bo$bo	688			search
oscillator	b2o$2bo$3b2o	168			search
oscillator	b2o$2bobo$4bo	88			search
oscillator	b2o2$2bo$bo	72			search
oscillator	b2o2$2bo$bo$bo	104			search
oscillator	b2o2$2b2o	48			search
oscillator	b2o3$2bo$bo$2bo	688			search
oscillator	b2o3$2bo$2bo	112			search
oscillator	b2o3$2b2o$4bo	144			search
oscillator	b3o2$bob2o	168			search
oscillator	b3o2$bo$3b2o	2384			search
oscillator	b3o$2bo$3b2o	120			search
oscillator	b3o2$2bobo	32			search
oscillator	b4o	32			search
oscillator	b4o$bo	224			search
oscillator	b4o$bo2bo	3752			search
oscillator	b4o$4bo$4bo	352			search
oscillator	b6o	11408			search
oscillator	b3o$4bo2$2bo	112			search
oscillator	b3obo2$2bo3bo	72			search
oscillator	b3ob2o	336			search
oscillator	b2o$3bo$bo$2bo	152			search
oscillator	b2o$3bo$2bo$2bo$bo	1064			search
oscillator	b2o$3bo2$2bo	152			search
oscillator	b2o$3bo2$2bo$bo	1064			search
oscillator	b2o$3b2o	44			search
oscillator	b2o$3b2o$bo	88			search
oscillator	b2o2$3bo$3bo$3bo	96			search
oscillator	b2o2$3b2o	168			search
oscillator	b2o2$3b2o$4bo	168			search
oscillator	b2obo$bo$b2o	608			search
oscillator	b2obo$b2o	224			search
oscillator	b2obo$b2obo	336			search
oscillator	b2obo$bo2bo	48			search
oscillator	b2obo$bo2bo$4bo	88			search
oscillator	b2obo2$b3o	48			search
oscillator	b2obo$2bobo	96			search
oscillator	b2obo2$2b3o	168			search
oscillator	b2obo$4bo	48			search
oscillator	b2obo$4bo2$3bo$3bo	144			search
oscillator	b2obo$6bo$2o	224			search
oscillator	b2o$4bo$2o	88			search
oscillator	b2o$4bo$bo$2bo	112			search
oscillator	b2o$4bo$bo2bo	88			search
oscillator	b2o$4bo2$2bo	112			search
oscillator	b2o$4bo2$2bo$4bo	112			search
oscillator	b2o$4bo$4bo	88			search
oscillator	b2o$4b2o$2o	88			search
oscillator	b2o2bo$5b2o	288			search
oscillator	b2o2b2o	336			search
oscillator	b2o2b2o$bo	336			search
oscillator	bo$2bo$o$b2o$bo	56			search
oscillator	bo$2bo$obo	32			search
oscillator	bo$2bo$bo$bo	32			search
oscillator	bo$2bo$bo2$bo$2bo	56			search
oscillator	bo$2bo$bo$2bo	16			search
oscillator	bo$2bo$bobo$bo2$bo	56			search
oscillator	bo$2bo$bo2$3bo$3bo$2bo	256			search
oscillator	bo$2bo2$bo$bo	72			search
oscillator	bo$2bo2$bo$bo$bo	72			search
oscillator	bo$2bo2$bo$b2o	72			search
oscillator	bo$2bo2$b2o$bo	168			search
oscillator	bo$2bo2$bo$2bo	104			search
oscillator	bo$2bo2$bobo$bobo	504			search
oscillator	bo$2bo$2bo3$2bo	72			search
oscillator	bo$2bo2$2bo$bo	56			search
oscillator	bo$2bo2$2bo$bo$bo	56			search
oscillator	bo$2bo2$2bo$b2o	200			search
oscillator	bo$2bo2$3bo$3bo$2bo$bo	232			search
oscillator	bo$2bobo2$2bo2$3bo	56			search
oscillator	bo$2bo2bo$b2o	48			search
oscillator	bo2$2bo$3o$2bo	96			search
oscillator	bo2$2bo$bo$b2o	72			search
oscillator	bo2$2bo$bo2$bo	32			search
oscillator	bo2$2bo$b2o2$bo	144			search
oscillator	bo2$2bo$bo$2bo$2bo$2bo	4880			search
oscillator	bo2$2bo$2bo2$bo	16			search
oscillator	bo2$2bo$2bo2$bo$2bo	208			search
oscillator	bo2$2bobo2$bo$3bo	136			search
oscillator	bo2$2bobo3$3bo	24			search
oscillator	bo3$2bo$bo	56			search
oscillator	bo3$2bo$b2o	200			search
oscillator	bo3$2bo$bo$2bo2$bo	80			search
oscillator	bo3$2b3o$3bo	32			search
oscillator	bo3$2bobo$3bo	16			search
oscillator	bobo$bobo$4bo	288			search
oscillator	bobo$bo2bo$b2o	104			search
oscillator	bobo$bo3bo$2b2o	168			search
oscillator	bobo2$bo2bo$2bo2$3bo	104			search
oscillator	bobo2$bo2bo3$3bo	24			search
oscillator	bobo$2bo$2bobo	48			search
oscillator	bobo$2bo$4bo$3bo	48			search
oscillator	bobo2$2bobo3$3bo	96			search
oscillator	bobo2$2bo$4bo2$bo	104			search
oscillator	bobo$3bo$bo2bo	72			search
oscillator	bobo$3bo$2bo2$4bo$bo	224			search
oscillator	bobo$3b2o2$b2o	768			search
oscillator	bobo$3b2o4$bobo	88			search
oscillator	bobo$3b2o$3b2o	120			search
oscillator	bobo2$3bo$3b2o2$bo	24			search
oscillator	bob2o$bo	56			search
oscillator	bob2o$bobo	224			search
oscillator	bob2o$bo2bo	56			search
oscillator	bob2o$3bo	32			search
oscillator	bob2o$4bo$3bo$4bo	72			search
oscillator	bobo$4bo$b2o	56			search
oscillator	bobo$4bo2$2b2o2$3bo	224			search
oscillator	bobo2$4bo3$3bo	24			search
oscillator	bobo2bo$3bo2bo$4bo	112			search
oscillator	bo2bo$bo$b2o	152			search
oscillator	bo2bo$bo$2bo$b2o	72			search
oscillator	bo2bo$bo$2bobo	72			search
oscillator	bo2bo$bobo$2bobo	304			search
oscillator	bo2bo2$bobo$4bo$3bo	688			search
oscillator	bo2bo3$b3o2$bo	144			search
oscillator	bo2bo$2bo$bobo$4bo	176			search
oscillator	bo2bo$2b2o	32			search
oscillator	bo2bo$2bobo$2bo$3bo	56			search
oscillator	bo2bo3$2bo$bo$bobo	1232			search
oscillator	bo2bo$3b2o$bo	48			search
oscillator	bo2bobo$b2obo	224			search
oscillator	bo2bobo$3bo$bo2bo	112			search
oscillator	bo$4bo2$2bo$2bobo	112			search
oscillator	bo2$4bo2$bo$3bo	136			search
oscillator	bo2$4bo$2bo2$3bo	104			search
oscillator	bo2$4bo$3b2o$bo$3bo	544			search
oscillator	bo2$4bo3$3bo	24			search
oscillator	bo3bo$bo$bo3b2o	112			search
oscillator	bo3bo$2bo2b2o$3bo	168			search
oscillator	$b2o$bo	32			search
oscillator	$b2o$bobo2$2bobo	32			search
oscillator	$b2o$bo$3b2o$4bo	8776			search
oscillator	$b3o$bo2bo	32			search
oscillator	$b3o$2bobo	32			search
oscillator	$b3o2$3b2o$bo	616			search
oscillator	$b4o$bobo	32			search
oscillator	$b4o$bo2bo	32			search
oscillator	$b2obo$3bo2$2b2o	144			search
oscillator	$bo$2bo	16			search
oscillator	$bo$2bobo$b2o$4bo	112			search
oscillator	$bobo$2bobo2$bobo	144			search
oscillator	$bobo2$2b2o$4bo	32			search
oscillator	$bobo$4bo$2bo$bo2bo	112			search
oscillator	$bo$3bo$bo2bo$3bo	32			search
oscillator	$bo2bo$b2o$3bo$2bo	104			search
oscillator	$bo2bo$2b2o	16			search
oscillator	2bo$o2b2o$bo2bo	56			search
oscillator	2bo$bo$bo$bo	32			search
oscillator	2bo$bo$b2o3$bo	72			search
oscillator	2bo$bo2$bo$bo	72			search
oscillator	2bo$bo2$b2o$bo	168			search
oscillator	2bo$bo2$bo$2bobo	104			search
oscillator	2bo$b2o$o2$bo	32			search
oscillator	2bo$b2o$bo	32			search
oscillator	2bo$b2o$2bo$bo	32			search
oscillator	2bo$b2o2$2bo$bo	224			search
oscillator	2bo$b2o3$2bo$bo	72			search
oscillator	2bo$b2obo$bo	32			search
oscillator	2bo$bo$2bo	16			search
oscillator	2bo$bo$2bo$bo$bo	80			search
oscillator	2bo$bo$2bo$2bo$bo	112			search
oscillator	2bo$bo$2bo$3bo$bo	72			search
oscillator	2bo$bo2$2bo$bo	56			search
oscillator	2bo$bo2$2bo$b2o	200			search
oscillator	2bo$bo2$2b2o$bobo	224			search
oscillator	2bo$bo2bo$b2o	32			search
oscillator	2bo$bo2bo$2bo	32			search
oscillator	2bo2$bo$bo2$2bo$bo	112			search
oscillator	2bo2$bo$bobo$b2o	96			search
oscillator	2bo2$b2o2$bo$bo2$bo	288			search
oscillator	2bo2$b2o3$bo	72			search
oscillator	2bo2$bo$2bo2$bo$2bo	416			search
oscillator	2bo$2bo2$b2o$bo	168			search
oscillator	2bo$2bo2$bo$2bo	104			search
oscillator	2bo$2bo2$2bo$bo	56			search
oscillator	2bo$2bo2$2bo$b2o	200			search
oscillator	2bo$2bobo$b2o	32			search
oscillator	2bo2$2bo$b2o4$bo	256			search
oscillator	2b2o$bo$2bobo	72			search
oscillator	2b2o$bo2$4bo2$bo	136			search
oscillator	2b2o$3bo$bo2bo	72			search
oscillator	2b3o$bo	56			search
oscillator	2bobo$b2o	56			search
oscillator	2bobo$bo$2bobo	72			search
oscillator	2bobo2$bob2o	48			search
oscillator	2bobo$4bo$bo2bo	56			search
oscillator	2bo$4bo$bobo$3bo$bo	560			search
oscillator	2bo$4bo2$b3o$2bo	64			search
oscillator	3bo$bobo$4bo	32			search
oscillator	3bo$3bo$4bo$bo$2bo	16			search
oscillator	3bo3$3b2o$bo2bo	48			search
oscillator	3b2o$bo	56			search
oscillator	3b2o$bobo$4bo$2bo	504			search
oscillator	3b2o$3bo2$2bobo$bo	72			search
oscillator	3b2obo$bo2bo	224			search
oscillator	4bo$3bo$4bo$bo$2bo	16			search
still life	2o$o	2			search
